record_id,sample_original,sample_125,time_sec_original,time_sec_125,symbol,mapped_class,rhythm
108,23,8,0.06388888888888888,0.064,+,RHYTHM,(N
108,88,31,0.24444444444444444,0.248,N,N,
108,442,153,1.2277777777777779,1.224,N,N,
108,789,274,2.191666666666667,2.192,N,N,
108,1155,401,3.2083333333333335,3.208,N,N,
108,1493,518,4.147222222222222,4.144,N,N,
108,1821,632,5.058333333333334,5.056,N,N,
108,2157,749,5.991666666666666,5.992,N,N,
108,2517,874,6.991666666666666,6.992,N,N,
108,2889,1003,8.025,8.024,N,N,
108,3238,1124,8.994444444444444,8.992,N,N,
108,3593,1248,9.980555555555556,9.984,N,N,
108,3924,1362,10.9,10.896,N,N,
108,4105,1425,11.402777777777779,11.4,V,V,
108,4197,1457,11.658333333333333,11.656,x,OTHER,
108,4602,1598,12.783333333333333,12.784,N,N,
108,4971,1726,13.808333333333334,13.808,N,N,
108,5350,1858,14.86111111111111,14.864,N,N,
108,5715,1984,15.875,15.872,N,N,
108,6115,2123,16.98611111111111,16.984,N,N,
108,6479,2250,17.997222222222224,18.0,N,N,
108,6886,2391,19.127777777777776,19.128,N,N,
108,7287,2530,20.241666666666667,20.24,N,N,
108,7687,2669,21.352777777777778,21.352,N,N,
108,8056,2797,22.377777777777776,22.376,N,N,
108,8432,2928,23.42222222222222,23.424,N,N,
108,8804,3057,24.455555555555556,24.456,N,N,
108,9196,3193,25.544444444444444,25.544,N,N,
108,9586,3328,26.627777777777776,26.624,N,N,
108,9924,3446,27.566666666666666,27.568,~,OTHER,
108,9963,3459,27.675,27.672,N,N,
108,10325,3585,28.680555555555557,28.68,N,N,
108,10519,3652,29.219444444444445,29.216,~,OTHER,
108,10696,3714,29.711111111111112,29.712,N,N,
108,10876,3776,30.211111111111112,30.208,V,V,
108,11000,3819,30.555555555555557,30.552,x,OTHER,
108,11453,3977,31.81388888888889,31.816,N,N,
108,11819,4104,32.830555555555556,32.832,N,N,
108,12174,4227,33.81666666666667,33.816,N,N,
108,12509,4343,34.74722222222222,34.744,N,N,
108,12856,4464,35.71111111111111,35.712,N,N,
108,13236,4596,36.766666666666666,36.768,N,N,
108,13644,4738,37.9,37.904,N,N,
108,14073,4886,39.09166666666667,39.088,N,N,
108,14467,5023,40.18611111111111,40.184,N,N,
108,14847,5155,41.24166666666667,41.24,N,N,
108,15222,5285,42.28333333333333,42.28,N,N,
108,15620,5424,43.388888888888886,43.392,N,N,
108,16018,5562,44.49444444444445,44.496,N,N,
108,16403,5695,45.56388888888889,45.56,N,N,
108,16788,5829,46.63333333333333,46.632,N,N,
108,17161,5959,47.669444444444444,47.672,N,N,
108,17534,6088,48.705555555555556,48.704,N,N,
108,17932,6226,49.81111111111111,49.808,N,N,
108,18327,6364,50.90833333333333,50.912,N,N,
108,18685,6488,51.90277777777778,51.904,N,N,
108,19045,6613,52.90277777777778,52.904,N,N,
108,19416,6742,53.93333333333333,53.936,N,N,
108,19802,6876,55.00555555555555,55.008,N,N,
108,20193,7011,56.09166666666667,56.088,N,N,
108,20586,7148,57.18333333333333,57.184,N,N,
108,20942,7272,58.172222222222224,58.176,N,N,
108,21308,7399,59.18888888888889,59.192,N,N,
108,21676,7526,60.21111111111111,60.208,N,N,
108,22054,7658,61.26111111111111,61.264,N,N,
108,22427,7787,62.297222222222224,62.296,N,N,
108,22794,7915,63.31666666666667,63.32,N,N,
108,23189,8052,64.41388888888889,64.416,N,N,
108,23610,8198,65.58333333333333,65.584,N,N,
108,24037,8346,66.76944444444445,66.768,N,N,
108,24454,8491,67.92777777777778,67.928,N,N,
108,24850,8628,69.02777777777777,69.024,N,N,
108,25232,8761,70.08888888888889,70.088,N,N,
108,25617,8895,71.15833333333333,71.16,N,N,
108,25991,9025,72.19722222222222,72.2,N,N,
108,26386,9162,73.29444444444445,73.296,N,N,
108,26787,9301,74.40833333333333,74.408,N,N,
108,27181,9438,75.50277777777778,75.504,N,N,
108,27545,9564,76.51388888888889,76.512,N,N,
108,27926,9697,77.57222222222222,77.576,N,N,
108,28313,9831,78.64722222222223,78.648,N,N,
108,28717,9971,79.76944444444445,79.768,N,N,
108,29100,10104,80.83333333333333,80.832,N,N,
108,29455,10227,81.81944444444444,81.816,N,N,
108,29796,10346,82.76666666666667,82.768,N,N,
108,30150,10469,83.75,83.752,N,N,
108,30545,10606,84.84722222222223,84.848,N,N,
108,30976,10756,86.04444444444445,86.048,N,N,
108,31420,10910,87.27777777777777,87.28,N,N,
108,31855,11061,88.48611111111111,88.488,N,N,
108,32262,11202,89.61666666666666,89.616,N,N,
108,32698,11353,90.82777777777778,90.824,N,N,
108,33121,11500,92.00277777777778,92.0,N,N,
108,33513,11636,93.09166666666667,93.088,N,N,
108,33889,11767,94.1361111111111,94.136,N,N,
108,34259,11895,95.16388888888889,95.16,N,N,
108,34625,12023,96.18055555555556,96.184,N,N,
108,35018,12159,97.27222222222223,97.272,N,N,
108,35414,12297,98.37222222222222,98.376,N,N,
108,35764,12418,99.34444444444445,99.344,N,N,
108,36115,12540,100.31944444444444,100.32,N,N,
108,36473,12664,101.31388888888888,101.312,N,N,
108,36849,12795,102.35833333333333,102.36,N,N,
108,37297,12950,103.60277777777777,103.6,N,N,
108,37781,13118,104.94722222222222,104.944,N,N,
108,38198,13263,106.10555555555555,106.104,N,N,
108,38590,13399,107.19444444444444,107.192,N,N,
108,38991,13539,108.30833333333334,108.312,N,N,
108,39388,13676,109.41111111111111,109.408,N,N,
108,39780,13812,110.5,110.496,N,N,
108,40170,13948,111.58333333333333,111.584,N,N,
108,40538,14076,112.60555555555555,112.608,N,N,
108,40915,14207,113.65277777777777,113.656,N,N,
108,41308,14343,114.74444444444444,114.744,N,N,
108,41701,14480,115.83611111111111,115.84,N,N,
108,42092,14615,116.92222222222222,116.92,N,N,
108,42468,14746,117.96666666666667,117.968,N,N,
108,42839,14875,118.99722222222222,119.0,N,N,
108,43221,15007,120.05833333333334,120.056,N,N,
108,43618,15145,121.16111111111111,121.16,N,N,
108,44008,15281,122.24444444444444,122.248,N,N,
108,44391,15414,123.30833333333334,123.312,N,N,
108,44777,15548,124.38055555555556,124.384,N,N,
108,45147,15676,125.40833333333333,125.408,N,N,
108,45518,15805,126.43888888888888,126.44,N,N,
108,45906,15940,127.51666666666667,127.52,N,N,
108,46305,16078,128.625,128.624,N,N,
108,46506,16148,129.18333333333334,129.184,~,OTHER,
108,46660,16201,129.61111111111111,129.608,N,N,
108,47006,16322,130.57222222222222,130.576,N,N,
108,47352,16442,131.53333333333333,131.536,N,N,
108,47727,16572,132.575,132.576,N,N,
108,48194,16734,133.87222222222223,133.872,N,N,
108,48638,16888,135.10555555555555,135.104,N,N,
108,49009,17017,136.13611111111112,136.136,N,N,
108,49153,17067,136.5361111111111,136.536,~,OTHER,
108,49393,17150,137.20277777777778,137.2,N,N,
108,49480,17181,137.44444444444446,137.448,~,OTHER,
108,49781,17285,138.28055555555557,138.28,N,N,
108,50177,17423,139.38055555555556,139.384,N,N,
108,50545,17550,140.40277777777777,140.4,N,N,
108,50914,17678,141.42777777777778,141.424,N,N,
108,51267,17801,142.40833333333333,142.408,N,N,
108,51623,17925,143.3972222222222,143.4,N,N,
108,52009,18059,144.46944444444443,144.472,N,N,
108,52396,18193,145.54444444444445,145.544,N,N,
108,52775,18325,146.59722222222223,146.6,N,N,
108,53149,18455,147.63611111111112,147.64,N,N,
108,53501,18577,148.61388888888888,148.616,N,N,
108,53865,18703,149.625,149.624,N,N,
108,54260,18840,150.72222222222223,150.72,N,N,
108,54662,18980,151.8388888888889,151.84,N,N,
108,55039,19111,152.88611111111112,152.888,N,N,
108,55411,19240,153.91944444444445,153.92,N,N,
108,55782,19369,154.95,154.952,N,N,
108,56173,19505,156.0361111111111,156.04,N,N,
108,56565,19641,157.125,157.128,N,N,
108,56968,19781,158.24444444444444,158.248,N,N,
108,57329,19906,159.24722222222223,159.248,N,N,
108,57712,20039,160.3111111111111,160.312,N,N,
108,58080,20167,161.33333333333334,161.336,N,N,
108,58484,20307,162.45555555555555,162.456,N,N,
108,58867,20440,163.51944444444445,163.52,N,N,
108,59289,20586,164.69166666666666,164.688,N,N,
108,59649,20711,165.69166666666666,165.688,N,N,
108,60002,20834,166.67222222222222,166.672,N,N,
108,60370,20962,167.69444444444446,167.696,N,N,
108,60787,21107,168.8527777777778,168.856,N,N,
108,61180,21243,169.94444444444446,169.944,N,N,
108,61581,21382,171.05833333333334,171.056,N,N,
108,61953,21511,172.09166666666667,172.088,N,N,
108,62322,21640,173.11666666666667,173.12,N,N,
108,62698,21770,174.1611111111111,174.16,N,N,
108,63108,21912,175.3,175.296,N,N,
108,63491,22045,176.36388888888888,176.36,N,N,
108,63872,22178,177.42222222222222,177.424,N,N,
108,64247,22308,178.4638888888889,178.464,N,N,
108,64615,22436,179.48611111111111,179.488,N,N,
108,64995,22568,180.54166666666666,180.544,N,N,
108,65393,22706,181.6472222222222,181.648,N,N,
108,65792,22844,182.75555555555556,182.752,N,N,
108,66159,22972,183.775,183.776,N,N,
108,66541,23105,184.8361111111111,184.84,N,N,
108,66912,23233,185.86666666666667,185.864,N,N,
108,67296,23367,186.93333333333334,186.936,N,N,
108,67685,23502,188.01388888888889,188.016,N,N,
108,68075,23637,189.09722222222223,189.096,N,N,
108,68451,23768,190.14166666666668,190.144,N,N,
108,68799,23889,191.10833333333332,191.112,N,N,
108,69173,24018,192.1472222222222,192.144,N,N,
108,69528,24142,193.13333333333333,193.136,N,N,
108,69921,24278,194.225,194.224,N,N,
108,70276,24401,195.2111111111111,195.208,N,N,
108,70727,24558,196.4638888888889,196.464,N,N,
108,71158,24708,197.6611111111111,197.664,N,N,
108,71628,24871,198.96666666666667,198.968,N,N,
108,72057,25020,200.15833333333333,200.16,N,N,
108,72458,25159,201.2722222222222,201.272,N,N,
108,72839,25291,202.33055555555555,202.328,N,N,
108,73220,25424,203.38888888888889,203.392,N,N,
108,73604,25557,204.45555555555555,204.456,N,N,
108,74004,25696,205.56666666666666,205.568,N,N,
108,74393,25831,206.6472222222222,206.648,N,N,
108,74779,25965,207.71944444444443,207.72,N,N,
108,75132,26088,208.7,208.704,N,N,
108,75511,26219,209.75277777777777,209.752,N,N,
108,75893,26352,210.8138888888889,210.816,N,N,
108,76309,26496,211.96944444444443,211.968,N,N,
108,76703,26633,213.0638888888889,213.064,N,N,
108,77062,26758,214.0611111111111,214.064,N,N,
108,77435,26887,215.09722222222223,215.096,N,N,
108,77829,27024,216.19166666666666,216.192,N,N,
108,78197,27152,217.2138888888889,217.216,N,N,
108,78330,27198,217.58333333333334,217.584,~,OTHER,
108,78592,27289,218.3111111111111,218.312,N,N,
108,78977,27423,219.38055555555556,219.384,N,N,
108,79338,27548,220.38333333333333,220.384,N,N,
108,79724,27682,221.45555555555555,221.456,N,N,
108,80112,27817,222.53333333333333,222.536,N,N,
108,80492,27949,223.5888888888889,223.592,N,N,
108,80860,28076,224.61111111111111,224.608,N,N,
108,81217,28200,225.6027777777778,225.6,N,N,
108,81557,28318,226.54722222222222,226.544,N,N,
108,81901,28438,227.50277777777777,227.504,N,N,
108,82281,28570,228.55833333333334,228.56,N,N,
108,82675,28707,229.65277777777777,229.656,N,N,
108,83134,28866,230.92777777777778,230.928,N,N,
108,83545,29009,232.06944444444446,232.072,N,N,
108,83824,29106,232.84444444444443,232.848,V,V,
108,84360,29292,234.33333333333334,234.336,N,N,
108,84809,29448,235.58055555555555,235.584,N,N,
108,85225,29592,236.73611111111111,236.736,N,N,
108,85583,29716,237.73055555555555,237.728,N,N,
108,85966,29849,238.79444444444445,238.792,N,N,
108,86317,29971,239.76944444444445,239.768,N,N,
108,86710,30108,240.86111111111111,240.864,N,N,
108,87078,30235,241.88333333333333,241.88,N,N,
108,87466,30370,242.9611111111111,242.96,N,N,
108,87837,30499,243.99166666666667,243.992,N,N,
108,88216,30631,245.04444444444445,245.048,N,N,
108,88598,30763,246.10555555555555,246.104,N,N,
108,88987,30898,247.1861111111111,247.184,N,N,
108,89411,31045,248.36388888888888,248.36,N,N,
108,89517,31082,248.65833333333333,248.656,~,OTHER,
108,89812,31185,249.4777777777778,249.48,N,N,
108,90197,31318,250.54722222222222,250.544,N,N,
108,90563,31445,251.5638888888889,251.56,N,N,
108,90960,31583,252.66666666666666,252.664,N,N,
108,91358,31722,253.7722222222222,253.776,N,N,
108,91751,31858,254.86388888888888,254.864,N,N,
108,92122,31987,255.89444444444445,255.896,N,N,
108,92493,32116,256.925,256.928,N,N,
108,92866,32245,257.9611111111111,257.96,N,N,
108,93264,32383,259.06666666666666,259.064,N,N,
108,93626,32509,260.0722222222222,260.072,N,N,
108,94006,32641,261.1277777777778,261.128,N,N,
108,94366,32766,262.1277777777778,262.128,N,N,
108,94731,32893,263.14166666666665,263.144,N,N,
108,95073,33011,264.09166666666664,264.088,N,N,
108,95449,33142,265.1361111111111,265.136,N,N,
108,95873,33289,266.31388888888887,266.312,N,N,
108,96330,33448,267.5833333333333,267.584,N,N,
108,96765,33599,268.7916666666667,268.792,N,N,
108,97144,33731,269.84444444444443,269.848,N,N,
108,97198,33749,269.99444444444447,269.992,|,OTHER,
108,97562,33876,271.00555555555553,271.008,N,N,
108,97981,34021,272.1694444444444,272.168,N,N,
108,98352,34150,273.2,273.2,N,N,
108,98705,34273,274.18055555555554,274.184,N,N,
108,99067,34398,275.18611111111113,275.184,N,N,
108,99443,34529,276.23055555555555,276.232,N,N,
108,99837,34666,277.325,277.328,N,N,
108,100213,34796,278.36944444444447,278.368,N,N,
108,100582,34924,279.39444444444445,279.392,N,N,
108,100944,35050,280.4,280.4,N,N,
108,101307,35176,281.40833333333336,281.408,N,N,
108,101669,35302,282.4138888888889,282.416,N,N,
108,102038,35430,283.43888888888887,283.44,N,N,
108,102402,35556,284.45,284.448,N,N,
108,102775,35686,285.4861111111111,285.488,N,N,
108,103219,35840,286.71944444444443,286.72,N,N,
108,103622,35980,287.8388888888889,287.84,N,N,
108,104043,36126,289.0083333333333,289.008,N,N,
108,104459,36270,290.1638888888889,290.16,N,N,
108,104843,36404,291.23055555555555,291.232,N,N,
108,105227,36537,292.2972222222222,292.296,N,N,
108,105602,36667,293.3388888888889,293.336,N,N,
108,105983,36800,294.39722222222224,294.4,N,N,
108,106382,36938,295.50555555555553,295.504,N,N,
108,106797,37082,296.65833333333336,296.656,N,N,
108,107176,37214,297.7111111111111,297.712,N,N,
108,107330,37267,298.1388888888889,298.136,V,V,
108,107593,37359,298.86944444444447,298.872,N,N,
108,107948,37482,299.85555555555555,299.856,N,N,
108,108340,37618,300.94444444444446,300.944,N,N,
108,108737,37756,302.0472222222222,302.048,N,N,
108,109143,37897,303.175,303.176,N,N,
108,109534,38033,304.2611111111111,304.264,N,N,
108,109890,38156,305.25,305.248,N,N,
108,110301,38299,306.39166666666665,306.392,N,N,
108,110713,38442,307.5361111111111,307.536,N,N,
108,111101,38577,308.6138888888889,308.616,N,N,
108,111501,38716,309.725,309.728,N,N,
108,111863,38841,310.73055555555555,310.728,N,N,
108,112247,38975,311.7972222222222,311.8,N,N,
108,112653,39116,312.925,312.928,N,N,
108,113049,39253,314.025,314.024,N,N,
108,113436,39388,315.1,315.104,N,N,
108,113820,39521,316.1666666666667,316.168,N,N,
108,114200,39653,317.22222222222223,317.224,N,N,
108,114572,39782,318.25555555555553,318.256,N,N,
108,114991,39927,319.4194444444444,319.416,N,N,
108,115379,40062,320.4972222222222,320.496,N,N,
108,115770,40198,321.5833333333333,321.584,N,N,
108,116143,40327,322.61944444444447,322.616,N,N,
108,116524,40460,323.6777777777778,323.68,N,N,
108,116894,40588,324.7055555555556,324.704,N,N,
108,117314,40734,325.8722222222222,325.872,N,N,
108,117581,40827,326.6138888888889,326.616,|,OTHER,
108,117713,40873,326.98055555555555,326.984,N,N,
108,118096,41006,328.0444444444444,328.048,N,N,
108,118478,41138,329.10555555555555,329.104,N,N,
108,118872,41275,330.2,330.2,N,N,
108,119262,41410,331.28333333333336,331.28,N,N,
108,119678,41555,332.43888888888887,332.44,N,N,
108,120058,41687,333.49444444444447,333.496,N,N,
108,120427,41815,334.51944444444445,334.52,N,N,
108,120815,41950,335.59722222222223,335.6,N,N,
108,121217,42089,336.7138888888889,336.712,N,N,
108,121398,42152,337.21666666666664,337.216,|,OTHER,
108,121617,42228,337.825,337.824,N,N,
108,122010,42365,338.9166666666667,338.92,N,N,
108,122401,42500,340.0027777777778,340.0,N,N,
108,122743,42619,340.9527777777778,340.952,N,N,
108,123110,42747,341.97222222222223,341.976,N,N,
108,123491,42879,343.03055555555557,343.032,N,N,
108,123889,43017,344.1361111111111,344.136,N,N,
108,124265,43148,345.18055555555554,345.184,N,N,
108,124640,43278,346.22222222222223,346.224,N,N,
108,124999,43402,347.21944444444443,347.216,N,N,
108,125381,43535,348.28055555555557,348.28,N,N,
108,125766,43669,349.35,349.352,N,N,
108,126170,43809,350.47222222222223,350.472,N,N,
108,126542,43938,351.50555555555553,351.504,N,N,
108,126926,44072,352.5722222222222,352.576,N,N,
108,127308,44204,353.6333333333333,353.632,N,N,
108,127684,44335,354.6777777777778,354.68,N,N,
108,128085,44474,355.7916666666667,355.792,N,N,
108,128499,44618,356.94166666666666,356.944,N,N,
108,128859,44743,357.94166666666666,357.944,N,N,
108,129253,44880,359.0361111111111,359.04,N,N,
108,129627,45009,360.075,360.072,N,N,
108,130018,45145,361.1611111111111,361.16,N,N,
108,130421,45285,362.28055555555557,362.28,N,N,
108,130809,45420,363.35833333333335,363.36,N,N,
108,131189,45552,364.4138888888889,364.416,N,N,
108,131556,45679,365.43333333333334,365.432,N,N,
108,131950,45816,366.52777777777777,366.528,N,N,
108,132342,45952,367.6166666666667,367.616,N,N,
108,132736,46089,368.7111111111111,368.712,N,N,
108,133099,46215,369.71944444444443,369.72,N,N,
108,133456,46339,370.7111111111111,370.712,N,N,
108,133796,46457,371.65555555555557,371.656,N,N,
108,134161,46584,372.6694444444444,372.672,N,N,
108,134542,46716,373.72777777777776,373.728,N,N,
108,134927,46850,374.7972222222222,374.8,N,N,
108,135408,47017,376.1333333333333,376.136,N,N,
108,135847,47169,377.35277777777776,377.352,N,N,
108,136258,47312,378.49444444444447,378.496,N,N,
108,136659,47451,379.60833333333335,379.608,N,N,
108,137075,47595,380.7638888888889,380.76,N,N,
108,137448,47725,381.8,381.8,N,N,
108,137830,47858,382.8611111111111,382.864,N,N,
108,138216,47992,383.93333333333334,383.936,N,N,
108,138599,48125,384.9972222222222,385.0,N,N,
108,139014,48269,386.15,386.152,N,N,
108,139400,48403,387.22222222222223,387.224,N,N,
108,139773,48532,388.2583333333333,388.256,N,N,
108,140149,48663,389.3027777777778,389.304,N,N,
108,140538,48798,390.3833333333333,390.384,N,N,
108,140940,48938,391.5,391.504,N,N,
108,141329,49073,392.5805555555556,392.584,N,N,
108,141718,49208,393.6611111111111,393.664,N,N,
108,142094,49338,394.7055555555556,394.704,N,N,
108,142469,49468,395.7472222222222,395.744,N,N,
108,142884,49612,396.9,396.896,N,N,
108,143288,49753,398.02222222222224,398.024,N,N,
108,143692,49893,399.14444444444445,399.144,N,N,
108,144080,50028,400.22222222222223,400.224,N,N,
108,144465,50161,401.2916666666667,401.288,N,N,
108,144847,50294,402.35277777777776,402.352,N,N,
108,145268,50440,403.52222222222224,403.52,N,N,
108,145670,50580,404.6388888888889,404.64,N,N,
108,146060,50715,405.72222222222223,405.72,N,N,
108,146459,50854,406.8305555555556,406.832,N,N,
108,146841,50986,407.89166666666665,407.888,N,N,
108,147252,51129,409.03333333333336,409.032,N,N,
108,147663,51272,410.175,410.176,N,N,
108,148070,51413,411.30555555555554,411.304,N,N,
108,148451,51545,412.3638888888889,412.36,N,N,
108,148842,51681,413.45,413.448,N,N,
108,149237,51818,414.5472222222222,414.544,N,N,
108,149641,51959,415.6694444444444,415.672,N,N,
108,150057,52103,416.825,416.824,N,N,
108,150445,52238,417.90277777777777,417.904,N,N,
108,150825,52370,418.9583333333333,418.96,N,N,
108,151220,52507,420.05555555555554,420.056,N,N,
108,151612,52643,421.14444444444445,421.144,N,N,
108,152019,52784,422.275,422.272,N,N,
108,152405,52918,423.34722222222223,423.344,N,N,
108,152788,53051,424.4111111111111,424.408,N,N,
108,153143,53175,425.39722222222224,425.4,N,N,
108,153537,53311,426.4916666666667,426.488,N,N,
108,153921,53445,427.55833333333334,427.56,N,N,
108,154306,53578,428.6277777777778,428.624,N,N,
108,154673,53706,429.64722222222224,429.648,N,N,
108,155043,53834,430.675,430.672,N,N,
108,155415,53964,431.7083333333333,431.712,N,N,
108,155798,54097,432.77222222222224,432.776,N,N,
108,156213,54241,433.925,433.928,N,N,
108,156583,54369,434.9527777777778,434.952,N,N,
108,156945,54495,435.9583333333333,435.96,N,N,
108,157319,54625,436.9972222222222,437.0,N,N,
108,157701,54757,438.05833333333334,438.056,N,N,
108,158079,54889,439.10833333333335,439.112,N,N,
108,158473,55025,440.2027777777778,440.2,N,N,
108,158842,55153,441.22777777777776,441.224,N,N,
108,159200,55278,442.22222222222223,442.224,N,N,
108,159558,55402,443.21666666666664,443.216,N,N,
108,159958,55541,444.3277777777778,444.328,N,N,
108,160448,55711,445.68888888888887,445.688,N,N,
108,160892,55865,446.9222222222222,446.92,N,N,
108,161290,56003,448.02777777777777,448.024,N,N,
108,161684,56140,449.1222222222222,449.12,N,N,
108,162001,56250,450.0027777777778,450.0,~,OTHER,
108,162064,56272,450.1777777777778,450.176,N,N,
108,162463,56411,451.2861111111111,451.288,N,N,
108,162838,56541,452.3277777777778,452.328,N,N,
108,163040,56611,452.8888888888889,452.888,~,OTHER,
108,163229,56677,453.4138888888889,453.416,N,N,
108,163582,56799,454.39444444444445,454.392,N,N,
108,163942,56924,455.39444444444445,455.392,N,N,
108,164329,57059,456.46944444444443,456.472,N,N,
108,164722,57195,457.56111111111113,457.56,N,N,
108,165111,57330,458.64166666666665,458.64,N,N,
108,165493,57463,459.7027777777778,459.704,N,N,
108,165870,57594,460.75,460.752,N,N,
108,166247,57725,461.7972222222222,461.8,N,N,
108,166630,57858,462.8611111111111,462.864,N,N,
108,167033,57998,463.98055555555555,463.984,N,N,
108,167119,58027,464.21944444444443,464.216,|,OTHER,
108,167420,58132,465.05555555555554,465.056,N,N,
108,167784,58258,466.06666666666666,466.064,N,N,
108,168145,58384,467.06944444444446,467.072,N,N,
108,168523,58515,468.11944444444447,468.12,N,N,
108,168905,58648,469.18055555555554,469.184,N,N,
108,169304,58786,470.2888888888889,470.288,N,N,
108,169686,58919,471.35,471.352,N,N,
108,170047,59044,472.35277777777776,472.352,N,N,
108,170425,59175,473.40277777777777,473.4,N,N,
108,170801,59306,474.4472222222222,474.448,N,N,
108,171188,59440,475.52222222222224,475.52,N,N,
108,171581,59577,476.6138888888889,476.616,N,N,
108,171955,59707,477.65277777777777,477.656,N,N,
108,172326,59835,478.68333333333334,478.68,N,N,
108,172683,59959,479.675,479.672,N,N,
108,173070,60094,480.75,480.752,N,N,
108,173452,60226,481.81111111111113,481.808,N,N,
108,173824,60356,482.84444444444443,482.848,N,N,
108,174185,60481,483.84722222222223,483.848,N,N,
108,174536,60603,484.8222222222222,484.824,N,N,
108,174874,60720,485.7611111111111,485.76,N,N,
108,175254,60852,486.81666666666666,486.816,N,N,
108,175679,61000,487.9972222222222,488.0,N,N,
108,176132,61157,489.25555555555553,489.256,N,N,
108,176528,61294,490.35555555555555,490.352,N,N,
108,176909,61427,491.4138888888889,491.416,N,N,
108,177286,61558,492.4611111111111,492.464,N,N,
108,177682,61695,493.56111111111113,493.56,N,N,
108,178074,61831,494.65,494.648,N,N,
108,178437,61957,495.65833333333336,495.656,N,N,
108,178786,62078,496.6277777777778,496.624,N,N,
108,179155,62207,497.65277777777777,497.656,N,N,
108,179500,62326,498.6111111111111,498.608,N,N,
108,179844,62446,499.56666666666666,499.568,N,N,
108,179895,62464,499.7083333333333,499.712,~,OTHER,
108,180041,62514,500.1138888888889,500.112,V,V,
108,180184,62564,500.5111111111111,500.512,x,OTHER,
108,180621,62716,501.725,501.728,F,F,
108,180712,62747,501.97777777777776,501.976,~,OTHER,
108,181027,62857,502.85277777777776,502.856,N,N,
108,181400,62986,503.8888888888889,503.888,N,N,
108,181790,63122,504.97222222222223,504.976,N,N,
108,182158,63249,505.99444444444447,505.992,N,N,
108,182556,63388,507.1,507.104,N,N,
108,182920,63514,508.1111111111111,508.112,N,N,
108,183273,63636,509.09166666666664,509.088,N,N,
108,183648,63767,510.1333333333333,510.136,N,N,
108,184038,63902,511.21666666666664,511.216,N,N,
108,184418,64034,512.2722222222222,512.272,N,N,
108,184796,64165,513.3222222222222,513.32,N,N,
108,185164,64293,514.3444444444444,514.344,N,N,
108,185508,64412,515.3,515.296,N,N,
108,185873,64539,516.3138888888889,516.312,N,N,
108,186356,64707,517.6555555555556,517.656,N,N,
108,186808,64864,518.9111111111112,518.912,N,N,
108,187213,65005,520.0361111111112,520.04,N,N,
108,187601,65139,521.1138888888889,521.112,N,N,
108,187978,65270,522.1611111111112,522.16,N,N,
108,188368,65406,523.2444444444444,523.248,N,N,
108,188775,65547,524.375,524.376,N,N,
108,189148,65676,525.4111111111112,525.408,N,N,
108,189502,65799,526.3944444444444,526.392,N,N,
108,189876,65929,527.4333333333333,527.432,N,N,
108,190235,66054,528.4305555555555,528.432,N,N,
108,190619,66187,529.4972222222223,529.496,N,N,
108,191003,66320,530.5638888888889,530.56,N,N,
108,191362,66445,531.5611111111111,531.56,N,N,
108,191697,66561,532.4916666666667,532.488,N,N,
108,192059,66687,533.4972222222223,533.496,N,N,
108,192429,66816,534.525,534.528,N,N,
108,192881,66973,535.7805555555556,535.784,N,N,
108,193342,67133,537.0611111111111,537.064,N,N,
108,193553,67206,537.6472222222222,537.648,V,V,
108,193696,67256,538.0444444444445,538.048,x,OTHER,
108,194133,67407,539.2583333333333,539.256,N,N,
108,194553,67553,540.425,540.424,N,N,
108,194944,67689,541.5111111111111,541.512,N,N,
108,195319,67819,542.5527777777778,542.552,N,N,
108,195696,67950,543.6,543.6,N,N,
108,196072,68081,544.6444444444444,544.648,N,N,
108,196433,68206,545.6472222222222,545.648,N,N,
108,196803,68334,546.675,546.672,N,N,
108,197180,68465,547.7222222222222,547.72,N,N,
108,197550,68594,548.75,548.752,N,N,
108,197906,68717,549.7388888888889,549.736,N,N,
108,198371,68879,551.0305555555556,551.032,N,N,
108,198826,69037,552.2944444444445,552.296,N,N,
108,199241,69181,553.4472222222222,553.448,N,N,
108,199660,69326,554.6111111111111,554.608,N,N,
108,200045,69460,555.6805555555555,555.68,N,N,
108,200415,69589,556.7083333333334,556.712,N,N,
108,200792,69719,557.7555555555556,557.752,N,N,
108,201187,69857,558.8527777777778,558.856,N,N,
108,201574,69991,559.9277777777778,559.928,N,N,
108,201971,70129,561.0305555555556,561.032,N,N,
108,202342,70258,562.0611111111111,562.064,N,N,
108,202704,70383,563.0666666666667,563.064,N,N,
108,203074,70512,564.0944444444444,564.096,N,N,
108,203467,70648,565.1861111111111,565.184,N,N,
108,203835,70776,566.2083333333334,566.208,N,N,
108,204214,70908,567.2611111111111,567.264,N,N,
108,204608,71044,568.3555555555556,568.352,N,N,
108,205063,71202,569.6194444444444,569.616,N,N,
108,205495,71352,570.8194444444445,570.816,N,N,
108,205731,71434,571.475,571.472,V,V,
108,206305,71634,573.0694444444445,573.072,N,N,
108,206704,71772,574.1777777777778,574.176,N,N,
108,207065,71898,575.1805555555555,575.184,N,N,
108,207434,72026,576.2055555555555,576.208,N,N,
108,207811,72157,577.2527777777777,577.256,N,N,
108,208205,72293,578.3472222222222,578.344,N,N,
108,208574,72422,579.3722222222223,579.376,N,N,
108,208929,72545,580.3583333333333,580.36,N,N,
108,209293,72671,581.3694444444444,581.368,N,N,
108,209649,72795,582.3583333333333,582.36,N,N,
108,210016,72922,583.3777777777777,583.376,N,N,
108,210460,73076,584.6111111111111,584.608,N,N,
108,210887,73225,585.7972222222222,585.8,N,N,
108,211265,73356,586.8472222222222,586.848,N,N,
108,211640,73486,587.8888888888889,587.888,N,N,
108,212015,73616,588.9305555555555,588.928,N,N,
108,212404,73751,590.0111111111111,590.008,N,N,
108,212809,73892,591.1361111111111,591.136,N,N,
108,213190,74024,592.1944444444445,592.192,N,N,
108,213547,74148,593.1861111111111,593.184,N,N,
108,213941,74285,594.2805555555556,594.28,N,N,
108,214332,74421,595.3666666666667,595.368,N,N,
108,214710,74552,596.4166666666666,596.416,N,N,
108,215094,74685,597.4833333333333,597.48,N,N,
108,215469,74816,598.525,598.528,N,N,
108,215837,74943,599.5472222222222,599.544,N,N,
108,216215,75075,600.5972222222222,600.6,N,N,
108,216619,75215,601.7194444444444,601.72,N,N,
108,216994,75345,602.7611111111111,602.76,N,N,
108,217354,75470,603.7611111111111,603.76,N,N,
108,217728,75600,604.8,604.8,N,N,
108,218073,75720,605.7583333333333,605.76,N,N,
108,218440,75847,606.7777777777778,606.776,N,N,
108,218906,76009,608.0722222222222,608.072,N,N,
108,219385,76175,609.4027777777778,609.4,N,N,
108,219806,76322,610.5722222222222,610.576,N,N,
108,220207,76461,611.6861111111111,611.688,N,N,
108,220597,76596,612.7694444444444,612.768,N,N,
108,220989,76732,613.8583333333333,613.856,N,N,
108,221206,76808,614.4611111111111,614.464,V,V,
108,221307,76843,614.7416666666667,614.744,x,OTHER,
108,221738,76992,615.9388888888889,615.936,N,N,
108,222085,77113,616.9027777777778,616.904,N,N,
108,222447,77239,617.9083333333333,617.912,N,N,
108,222805,77363,618.9027777777778,618.904,N,N,
108,223215,77505,620.0416666666666,620.04,N,N,
108,223664,77661,621.2888888888889,621.288,N,N,
108,224051,77795,622.3638888888889,622.36,N,N,
108,224436,77929,623.4333333333333,623.432,N,N,
108,224821,78063,624.5027777777777,624.504,N,N,
108,225226,78203,625.6277777777777,625.624,N,N,
108,225611,78337,626.6972222222222,626.696,N,N,
108,225999,78472,627.775,627.776,N,N,
108,226369,78600,628.8027777777778,628.8,N,N,
108,226742,78730,629.8388888888888,629.84,N,N,
108,227128,78864,630.9111111111112,630.912,N,N,
108,227530,79003,632.0277777777778,632.024,N,N,
108,227899,79132,633.0527777777778,633.056,N,N,
108,228274,79262,634.0944444444444,634.096,N,N,
108,228634,79387,635.0944444444444,635.096,N,N,
108,229005,79516,636.125,636.128,N,N,
108,229380,79646,637.1666666666666,637.168,N,N,
108,229755,79776,638.2083333333334,638.208,N,N,
108,230134,79908,639.2611111111111,639.264,N,N,
108,230481,80028,640.225,640.224,N,N,
108,230948,80190,641.5222222222222,641.52,N,N,
108,231371,80337,642.6972222222222,642.696,N,N,
108,231783,80480,643.8416666666667,643.84,N,N,
108,232181,80618,644.9472222222222,644.944,N,N,
108,232586,80759,646.0722222222222,646.072,N,N,
108,232964,80890,647.1222222222223,647.12,N,N,
108,233372,81032,648.2555555555556,648.256,N,N,
108,233748,81162,649.3,649.296,N,N,
108,234137,81298,650.3805555555556,650.384,N,N,
108,234516,81429,651.4333333333333,651.432,N,N,
108,234868,81551,652.4111111111112,652.408,N,N,
108,235230,81677,653.4166666666666,653.416,N,N,
108,235593,81803,654.425,654.424,N,N,
108,236000,81944,655.5555555555555,655.552,N,N,
108,236380,82076,656.6111111111111,656.608,N,N,
108,236750,82205,657.6388888888889,657.64,N,N,
108,237124,82335,658.6777777777778,658.68,N,N,
108,237487,82461,659.6861111111111,659.688,N,N,
108,237839,82583,660.6638888888889,660.664,N,N,
108,238302,82744,661.95,661.952,N,N,
108,238802,82917,663.3388888888888,663.336,N,N,
108,239205,83057,664.4583333333334,664.456,N,N,
108,239640,83208,665.6666666666666,665.664,N,N,
108,240024,83342,666.7333333333333,666.736,N,N,
108,240446,83488,667.9055555555556,667.904,N,N,
108,240857,83631,669.0472222222222,669.048,N,N,
108,241220,83757,670.0555555555555,670.056,N,N,
108,241587,83884,671.075,671.072,N,N,
108,241986,84023,672.1833333333333,672.184,N,N,
108,242385,84161,673.2916666666666,673.288,N,N,
108,242786,84301,674.4055555555556,674.408,N,N,
108,243162,84431,675.45,675.448,N,N,
108,243519,84555,676.4416666666667,676.44,N,N,
108,243881,84681,677.4472222222222,677.448,N,N,
108,244254,84810,678.4833333333333,678.48,N,N,
108,244655,84950,679.5972222222222,679.6,N,N,
108,245037,85082,680.6583333333333,680.656,N,N,
108,245427,85218,681.7416666666667,681.744,N,N,
108,245782,85341,682.7277777777778,682.728,N,N,
108,246151,85469,683.7527777777777,683.752,N,N,
108,246542,85605,684.8388888888888,684.84,N,N,
108,246948,85746,685.9666666666667,685.968,N,N,
108,247341,85882,687.0583333333333,687.056,N,N,
108,247732,86018,688.1444444444444,688.144,N,N,
108,248114,86151,689.2055555555555,689.208,N,N,
108,248503,86286,690.2861111111112,690.288,N,N,
108,248908,86426,691.4111111111112,691.408,N,N,
108,249312,86567,692.5333333333333,692.536,N,N,
108,249688,86697,693.5777777777778,693.576,N,N,
108,250054,86824,694.5944444444444,694.592,N,N,
108,250435,86957,695.6527777777778,695.656,N,N,
108,250822,87091,696.7277777777778,696.728,N,N,
108,251220,87229,697.8333333333334,697.832,N,N,
108,251606,87363,698.9055555555556,698.904,N,N,
108,251973,87491,699.925,699.928,N,N,
108,252321,87611,700.8916666666667,700.888,N,N,
108,252678,87735,701.8833333333333,701.88,N,N,
108,252926,87822,702.5722222222222,702.576,~,OTHER,
108,253029,87857,702.8583333333333,702.856,N,N,
108,253419,87993,703.9416666666667,703.944,N,N,
108,253873,88150,705.2027777777778,705.2,N,N,
108,254180,88257,706.0555555555555,706.056,~,OTHER,
108,254259,88284,706.275,706.272,N,N,
108,254623,88411,707.2861111111112,707.288,N,N,
108,255022,88549,708.3944444444444,708.392,N,N,
108,255412,88685,709.4777777777778,709.48,N,N,
108,255797,88818,710.5472222222222,710.544,N,N,
108,256157,88943,711.5472222222222,711.544,N,N,
108,256506,89065,712.5166666666667,712.52,N,N,
108,256842,89181,713.45,713.448,N,N,
108,257187,89301,714.4083333333333,714.408,N,N,
108,257615,89450,715.5972222222222,715.6,N,N,
108,257956,89568,716.5444444444445,716.544,N,N,
108,258301,89688,717.5027777777777,717.504,N,N,
108,258629,89802,718.4138888888889,718.416,N,N,
108,259090,89962,719.6944444444445,719.696,N,N,
108,259490,90101,720.8055555555555,720.808,N,N,
108,259930,90253,722.0277777777778,722.024,N,N,
108,260310,90385,723.0833333333334,723.08,N,N,
108,260665,90509,724.0694444444445,724.072,N,N,
108,261018,90631,725.05,725.048,N,N,
108,261386,90759,726.0722222222222,726.072,N,N,
108,261745,90884,727.0694444444445,727.072,N,N,
108,262114,91012,728.0944444444444,728.096,N,N,
108,262474,91137,729.0944444444444,729.096,N,N,
108,262958,91305,730.4388888888889,730.44,N,N,
108,263192,91386,731.0888888888888,731.088,A,A,
108,263670,91552,732.4166666666666,732.416,N,N,
108,264186,91731,733.85,733.848,N,N,
108,264555,91859,734.875,734.872,N,N,
108,264949,91996,735.9694444444444,735.968,N,N,
108,265315,92123,736.9861111111111,736.984,N,N,
108,265681,92250,738.0027777777777,738.0,N,N,
108,266082,92390,739.1166666666667,739.12,N,N,
108,266473,92525,740.2027777777778,740.2,N,N,
108,266848,92656,741.2444444444444,741.248,N,N,
108,267211,92782,742.2527777777777,742.256,N,N,
108,267557,92902,743.2138888888888,743.216,N,N,
108,267931,93032,744.2527777777777,744.256,N,N,
108,268510,93233,745.8611111111111,745.864,N,N,
108,268697,93298,746.3805555555556,746.384,V,V,
108,268976,93394,747.1555555555556,747.152,N,N,
108,269368,93531,748.2444444444444,748.248,N,N,
108,269782,93674,749.3944444444444,749.392,N,N,
108,270176,93811,750.4888888888889,750.488,N,N,
108,270574,93949,751.5944444444444,751.592,N,N,
108,270988,94093,752.7444444444444,752.744,N,N,
108,271373,94227,753.8138888888889,753.816,N,N,
108,271749,94357,754.8583333333333,754.856,N,N,
108,272129,94489,755.9138888888889,755.912,N,N,
108,272520,94625,757.0,757.0,N,N,
108,272906,94759,758.0722222222222,758.072,N,N,
108,273277,94888,759.1027777777778,759.104,N,N,
108,273633,95011,760.0916666666667,760.088,N,N,
108,273989,95135,761.0805555555555,761.08,N,N,
108,274451,95295,762.3638888888889,762.36,N,N,
108,274894,95449,763.5944444444444,763.592,N,N,
108,275301,95591,764.725,764.728,N,N,
108,275687,95725,765.7972222222222,765.8,N,N,
108,276052,95851,766.8111111111111,766.808,N,N,
108,276177,95895,767.1583333333333,767.16,~,OTHER,
108,276430,95983,767.8611111111111,767.864,N,N,
108,276816,96117,768.9333333333333,768.936,N,N,
108,277186,96245,769.9611111111111,769.96,N,N,
108,277565,96377,771.0138888888889,771.016,N,N,
108,277905,96495,771.9583333333334,771.96,N,N,
108,278057,96548,772.3805555555556,772.384,~,OTHER,
108,278289,96628,773.025,773.024,N,N,
108,278657,96756,774.0472222222222,774.048,N,N,
108,279048,96892,775.1333333333333,775.136,N,N,
108,279432,97025,776.2,776.2,N,N,
108,279793,97150,777.2027777777778,777.2,N,N,
108,280145,97273,778.1805555555555,778.184,N,N,
108,280500,97396,779.1666666666666,779.168,N,N,
108,280515,97401,779.2083333333334,779.208,|,OTHER,
108,280944,97550,780.4,780.4,N,N,
108,281419,97715,781.7194444444444,781.72,N,N,
108,281865,97870,782.9583333333334,782.96,N,N,
108,282251,98004,784.0305555555556,784.032,N,N,
108,282633,98136,785.0916666666667,785.088,N,N,
108,283030,98274,786.1944444444445,786.192,N,N,
108,283437,98416,787.325,787.328,N,N,
108,283831,98552,788.4194444444445,788.416,N,N,
108,284221,98688,789.5027777777777,789.504,N,N,
108,284593,98817,790.5361111111112,790.536,N,N,
108,284955,98943,791.5416666666666,791.544,N,N,
108,285350,99080,792.6388888888889,792.64,N,N,
108,285740,99215,793.7222222222222,793.72,N,N,
108,286128,99350,794.8,794.8,N,N,
108,286496,99478,795.8222222222222,795.824,N,N,
108,286861,99605,796.8361111111111,796.84,N,N,
108,287229,99732,797.8583333333333,797.856,N,N,
108,287614,99866,798.9277777777778,798.928,N,N,
108,287995,99998,799.9861111111111,799.984,N,N,
108,288349,100121,800.9694444444444,800.968,N,N,
108,288741,100257,802.0583333333333,802.056,N,N,
108,289160,100403,803.2222222222222,803.224,N,N,
108,289564,100543,804.3444444444444,804.344,N,N,
108,289944,100675,805.4,805.4,N,N,
108,290324,100807,806.4555555555555,806.456,N,N,
108,290678,100930,807.4388888888889,807.44,N,N,
108,291025,101050,808.4027777777778,808.4,N,N,
108,291381,101174,809.3916666666667,809.392,N,N,
108,291731,101295,810.3638888888889,810.36,N,N,
108,292106,101426,811.4055555555556,811.408,N,N,
108,292485,101557,812.4583333333334,812.456,N,N,
108,292846,101683,813.4611111111111,813.464,N,N,
108,293071,101761,814.0861111111111,814.088,~,OTHER,
108,293198,101805,814.4388888888889,814.44,N,N,
108,293555,101929,815.4305555555555,815.432,N,N,
108,293939,102062,816.4972222222223,816.496,N,N,
108,294300,102188,817.5,817.504,N,N,
108,294671,102316,818.5305555555556,818.528,N,N,
108,294799,102361,818.8861111111111,818.888,~,OTHER,
108,295039,102444,819.5527777777778,819.552,N,N,
108,295391,102566,820.5305555555556,820.528,N,N,
108,295739,102687,821.4972222222223,821.496,N,N,
108,296125,102821,822.5694444444445,822.568,N,N,
108,296514,102956,823.65,823.648,N,N,
108,296901,103091,824.725,824.728,N,N,
108,297264,103217,825.7333333333333,825.736,N,N,
108,297628,103343,826.7444444444444,826.744,N,N,
108,297982,103466,827.7277777777778,827.728,N,N,
108,298355,103595,828.7638888888889,828.76,N,N,
108,298742,103730,829.8388888888888,829.84,N,N,
108,299164,103876,831.0111111111111,831.008,N,N,
108,299591,104025,832.1972222222222,832.2,N,N,
108,299992,104164,833.3111111111111,833.312,N,N,
108,300380,104299,834.3888888888889,834.392,N,N,
108,300782,104438,835.5055555555556,835.504,N,N,
108,301187,104579,836.6305555555556,836.632,N,N,
108,301222,104591,836.7277777777778,836.728,~,OTHER,
108,301551,104705,837.6416666666667,837.64,N,N,
108,301855,104811,838.4861111111111,838.488,~,OTHER,
108,301897,104825,838.6027777777778,838.6,N,N,
108,302305,104967,839.7361111111111,839.736,N,N,
108,302716,105110,840.8777777777777,840.88,N,N,
108,303115,105248,841.9861111111111,841.984,N,N,
108,303510,105385,843.0833333333334,843.08,N,N,
108,303886,105516,844.1277777777777,844.128,N,N,
108,304251,105643,845.1416666666667,845.144,N,N,
108,304631,105775,846.1972222222222,846.2,N,N,
108,305012,105907,847.2555555555556,847.256,N,N,
108,305372,106032,848.2555555555556,848.256,N,N,
108,305751,106164,849.3083333333333,849.312,N,N,
108,306122,106292,850.3388888888888,850.336,N,N,
108,306677,106485,851.8805555555556,851.88,N,N,
108,306962,106584,852.6722222222222,852.672,N,N,
108,307380,106729,853.8333333333334,853.832,N,N,
108,307779,106868,854.9416666666667,854.944,N,N,
108,308180,107007,856.0555555555555,856.056,N,N,
108,308549,107135,857.0805555555555,857.08,N,N,
108,308930,107267,858.1388888888889,858.136,N,N,
108,309325,107405,859.2361111111111,859.24,N,N,
108,309713,107539,860.3138888888889,860.312,N,N,
108,310078,107666,861.3277777777778,861.328,N,N,
108,310445,107793,862.3472222222222,862.344,N,N,
108,310806,107919,863.35,863.352,N,N,
108,311164,108043,864.3444444444444,864.344,N,N,
108,311535,108172,865.375,865.376,N,N,
108,311685,108224,865.7916666666666,865.792,~,OTHER,
108,311987,108329,866.6305555555556,866.632,N,N,
108,312423,108480,867.8416666666667,867.84,N,N,
108,312628,108551,868.4111111111112,868.408,~,OTHER,
108,312838,108624,868.9944444444444,868.992,N,N,
108,312945,108661,869.2916666666666,869.288,~,OTHER,
108,313238,108763,870.1055555555556,870.104,N,N,
108,313650,108906,871.25,871.248,N,N,
108,314055,109047,872.375,872.376,N,N,
108,314443,109182,873.4527777777778,873.456,N,N,
108,314817,109311,874.4916666666667,874.488,N,N,
108,315182,109438,875.5055555555556,875.504,N,N,
108,315605,109585,876.6805555555555,876.68,N,N,
108,315997,109721,877.7694444444444,877.768,N,N,
108,316385,109856,878.8472222222222,878.848,N,N,
108,316774,109991,879.9277777777778,879.928,N,N,
108,317138,110117,880.9388888888889,880.936,N,N,
108,317530,110253,882.0277777777778,882.024,N,N,
108,317931,110393,883.1416666666667,883.144,N,N,
108,318323,110529,884.2305555555556,884.232,N,N,
108,318688,110656,885.2444444444444,885.248,N,N,
108,319095,110797,886.375,886.376,N,N,
108,319467,110926,887.4083333333333,887.408,N,N,
108,319864,111064,888.5111111111111,888.512,N,N,
108,320262,111202,889.6166666666667,889.616,N,N,
108,320664,111342,890.7333333333333,890.736,N,N,
108,321043,111473,891.7861111111112,891.784,N,N,
108,321411,111601,892.8083333333333,892.808,N,N,
108,321790,111733,893.8611111111111,893.864,N,N,
108,322177,111867,894.9361111111111,894.936,N,N,
108,322578,112006,896.05,896.048,N,N,
108,322953,112136,897.0916666666667,897.088,N,N,
108,323326,112266,898.1277777777777,898.128,N,N,
108,323695,112394,899.1527777777778,899.152,N,N,
108,324077,112527,900.2138888888888,900.216,N,N,
108,324454,112658,901.2611111111111,901.264,N,N,
108,324874,112803,902.4277777777778,902.424,N,N,
108,325255,112936,903.4861111111111,903.488,N,N,
108,325603,113057,904.4527777777778,904.456,N,N,
108,326005,113196,905.5694444444445,905.568,N,N,
108,326392,113331,906.6444444444444,906.648,N,N,
108,326580,113396,907.1666666666666,907.168,V,V,
108,326699,113437,907.4972222222223,907.496,x,OTHER,
108,327161,113598,908.7805555555556,908.784,N,N,
108,327543,113730,909.8416666666667,909.84,N,N,
108,327900,113854,910.8333333333334,910.832,N,N,
108,328267,113982,911.8527777777778,911.856,N,N,
108,328648,114114,912.9111111111112,912.912,N,N,
108,329035,114248,913.9861111111111,913.984,N,N,
108,329401,114375,915.0027777777777,915.0,N,N,
108,329755,114498,915.9861111111111,915.984,N,N,
108,330116,114624,916.9888888888889,916.992,N,N,
108,330489,114753,918.025,918.024,N,N,
108,331001,114931,919.4472222222222,919.448,N,N,
108,331464,115092,920.7333333333333,920.736,N,N,
108,331868,115232,921.8555555555556,921.856,N,N,
108,332264,115369,922.9555555555555,922.952,N,N,
108,332642,115501,924.0055555555556,924.008,N,N,
108,333040,115639,925.1111111111111,925.112,N,N,
108,333441,115778,926.225,926.224,N,N,
108,333831,115914,927.3083333333333,927.312,N,N,
108,334190,116038,928.3055555555555,928.304,N,N,
108,334212,116046,928.3666666666667,928.368,~,OTHER,
108,334364,116099,928.7888888888889,928.792,~,OTHER,
108,334573,116171,929.3694444444444,929.368,N,N,
108,334953,116303,930.425,930.424,N,N,
108,335334,116435,931.4833333333333,931.48,N,N,
108,335722,116570,932.5611111111111,932.56,N,N,
108,336094,116699,933.5944444444444,933.592,N,N,
108,336303,116772,934.175,934.176,~,OTHER,
108,336431,116816,934.5305555555556,934.528,N,N,
108,336488,116836,934.6888888888889,934.688,~,OTHER,
108,336780,116938,935.5,935.504,N,N,
108,337156,117068,936.5444444444445,936.544,N,N,
108,337630,117233,937.8611111111111,937.864,N,N,
108,338069,117385,939.0805555555555,939.08,N,N,
108,338488,117531,940.2444444444444,940.248,N,N,
108,338890,117670,941.3611111111111,941.36,N,N,
108,339290,117809,942.4722222222222,942.472,N,N,
108,339706,117953,943.6277777777777,943.624,N,N,
108,340099,118090,944.7194444444444,944.72,N,N,
108,340481,118223,945.7805555555556,945.784,N,N,
108,340850,118351,946.8055555555555,946.808,N,N,
108,341234,118484,947.8722222222223,947.872,N,N,
108,341610,118615,948.9166666666666,948.92,N,N,
108,342015,118755,950.0416666666666,950.04,N,N,
108,342382,118883,951.0611111111111,951.064,N,N,
108,342755,119012,952.0972222222222,952.096,N,N,
108,343112,119136,953.0888888888888,953.088,N,N,
108,343489,119267,954.1361111111111,954.136,N,N,
108,343871,119400,955.1972222222222,955.2,N,N,
108,344251,119532,956.2527777777777,956.256,N,N,
108,344641,119667,957.3361111111111,957.336,N,N,
108,345179,119854,958.8305555555555,958.832,N,N,
108,345623,120008,960.0638888888889,960.064,N,N,
108,346052,120157,961.2555555555556,961.256,N,N,
108,346447,120294,962.3527777777778,962.352,N,N,
108,346853,120435,963.4805555555556,963.48,N,N,
108,347216,120561,964.4888888888889,964.488,N,N,
108,347585,120689,965.5138888888889,965.512,N,N,
108,347976,120825,966.6,966.6,N,N,
108,348367,120961,967.6861111111111,967.688,N,N,
108,348752,121094,968.7555555555556,968.752,N,N,
108,349129,121225,969.8027777777778,969.8,N,N,
108,349491,121351,970.8083333333333,970.808,N,N,
108,349855,121477,971.8194444444445,971.816,N,N,
108,350240,121611,972.8888888888889,972.888,N,N,
108,350636,121749,973.9888888888889,973.992,N,N,
108,351009,121878,975.025,975.024,N,N,
108,351399,122014,976.1083333333333,976.112,N,N,
108,351764,122140,977.1222222222223,977.12,N,N,
108,352138,122270,978.1611111111112,978.16,N,N,
108,352531,122407,979.2527777777777,979.256,N,N,
108,352921,122542,980.3361111111111,980.336,N,N,
108,353295,122672,981.375,981.376,N,N,
108,353659,122798,982.3861111111111,982.384,N,N,
108,354039,122930,983.4416666666667,983.44,N,N,
108,354426,123065,984.5166666666667,984.52,N,N,
108,354821,123202,985.6138888888889,985.616,N,N,
108,355230,123344,986.75,986.752,N,N,
108,355604,123474,987.7888888888889,987.792,N,N,
108,355977,123603,988.825,988.824,N,N,
108,356363,123737,989.8972222222222,989.896,N,N,
108,356757,123874,990.9916666666667,990.992,N,N,
108,357152,124011,992.0888888888888,992.088,N,N,
108,357525,124141,993.125,993.128,N,N,
108,357899,124270,994.1638888888889,994.16,N,N,
108,358288,124406,995.2444444444444,995.248,N,N,
108,358684,124543,996.3444444444444,996.344,N,N,
108,359087,124683,997.4638888888888,997.464,N,N,
108,359501,124827,998.6138888888889,998.616,N,N,
108,359875,124957,999.6527777777778,999.656,N,N,
108,360260,125090,1000.7222222222222,1000.72,N,N,
108,360660,125229,1001.8333333333334,1001.832,N,N,
108,361050,125365,1002.9166666666666,1002.92,N,N,
108,361452,125504,1004.0333333333333,1004.032,N,N,
108,361854,125644,1005.15,1005.152,N,N,
108,362235,125776,1006.2083333333334,1006.208,N,N,
108,362628,125912,1007.3,1007.296,N,N,
108,363000,126042,1008.3333333333334,1008.336,N,N,
108,363407,126183,1009.4638888888888,1009.464,N,N,
108,363808,126322,1010.5777777777778,1010.576,N,N,
108,364183,126452,1011.6194444444444,1011.616,N,N,
108,364555,126582,1012.6527777777778,1012.656,N,N,
108,364931,126712,1013.6972222222222,1013.696,N,N,
108,365314,126845,1014.7611111111111,1014.76,N,N,
108,365698,126978,1015.8277777777778,1015.824,N,N,
108,366090,127115,1016.9166666666666,1016.92,N,N,
108,366353,127206,1017.6472222222222,1017.648,~,OTHER,
108,366453,127241,1017.925,1017.928,N,N,
108,366810,127365,1018.9166666666666,1018.92,N,N,
108,367185,127495,1019.9583333333334,1019.96,N,N,
108,367562,127626,1021.0055555555556,1021.008,N,N,
108,367908,127746,1021.9666666666667,1021.968,N,N,
108,368299,127882,1023.0527777777778,1023.056,N,N,
108,368645,128002,1024.013888888889,1024.016,N,N,
108,369003,128126,1025.0083333333334,1025.008,N,N,
108,369466,128287,1026.2944444444445,1026.296,N,N,
108,369906,128440,1027.5166666666667,1027.52,N,N,
108,370311,128580,1028.6416666666667,1028.64,N,N,
108,370665,128703,1029.625,1029.624,N,N,
108,371059,128840,1030.7194444444444,1030.72,N,N,
108,371429,128968,1031.7472222222223,1031.744,N,N,
108,371823,129105,1032.8416666666667,1032.84,N,N,
108,372227,129245,1033.963888888889,1033.96,N,N,
108,372616,129381,1035.0444444444445,1035.048,N,N,
108,372977,129506,1036.0472222222222,1036.048,N,N,
108,373352,129636,1037.088888888889,1037.088,N,N,
108,373517,129693,1037.5472222222222,1037.544,~,OTHER,
108,373714,129762,1038.0944444444444,1038.096,N,N,
108,374101,129896,1039.1694444444445,1039.168,N,N,
108,374484,130029,1040.2333333333333,1040.232,N,N,
108,374852,130157,1041.2555555555555,1041.256,N,N,
108,375199,130277,1042.2194444444444,1042.216,N,N,
108,375554,130401,1043.2055555555555,1043.208,N,N,
108,375937,130534,1044.2694444444444,1044.272,N,N,
108,376355,130679,1045.4305555555557,1045.432,N,N,
108,376741,130813,1046.5027777777777,1046.504,N,N,
108,377108,130940,1047.5222222222221,1047.52,N,N,
108,377449,131059,1048.4694444444444,1048.472,N,N,
108,377789,131177,1049.4138888888888,1049.416,N,N,
108,378143,131300,1050.3972222222221,1050.4,N,N,
108,378494,131422,1051.3722222222223,1051.376,N,N,
108,378844,131543,1052.3444444444444,1052.344,N,N,
108,379185,131661,1053.2916666666667,1053.288,N,N,
108,379355,131720,1053.763888888889,1053.76,~,OTHER,
108,379526,131780,1054.2388888888888,1054.24,N,N,
108,379858,131895,1055.161111111111,1055.16,N,N,
108,380203,132015,1056.1194444444445,1056.12,N,N,
108,380554,132137,1057.0944444444444,1057.096,N,N,
108,380896,132256,1058.0444444444445,1058.048,N,N,
108,381233,132373,1058.9805555555556,1058.984,N,N,
108,381562,132487,1059.8944444444444,1059.896,N,N,
108,381886,132599,1060.7944444444445,1060.792,N,N,
108,382209,132711,1061.6916666666666,1061.688,N,N,
108,382550,132830,1062.638888888889,1062.64,N,N,
108,382911,132955,1063.6416666666667,1063.64,N,N,
108,383257,133075,1064.6027777777779,1064.6,N,N,
108,383599,133194,1065.5527777777777,1065.552,N,N,
108,383933,133310,1066.4805555555556,1066.48,N,N,
108,384275,133429,1067.4305555555557,1067.432,N,N,
108,384616,133547,1068.3777777777777,1068.376,N,N,
108,384968,133669,1069.3555555555556,1069.352,N,N,
108,385318,133791,1070.3277777777778,1070.328,N,N,
108,385646,133905,1071.2388888888888,1071.24,N,N,
108,385971,134018,1072.1416666666667,1072.144,N,N,
108,386291,134129,1073.0305555555556,1073.032,N,N,
108,386630,134247,1073.9722222222222,1073.976,N,N,
108,386965,134363,1074.9027777777778,1074.904,N,N,
108,387305,134481,1075.8472222222222,1075.848,N,N,
108,387644,134599,1076.7888888888888,1076.792,N,N,
108,387948,134704,1077.6333333333334,1077.632,N,N,
108,388268,134815,1078.5222222222221,1078.52,N,N,
108,388580,134924,1079.388888888889,1079.392,N,N,
108,388908,135038,1080.3,1080.304,N,N,
108,389232,135150,1081.2,1081.2,N,N,
108,389553,135261,1082.0916666666667,1082.088,N,N,
108,389883,135376,1083.0083333333334,1083.008,N,N,
108,390201,135486,1083.8916666666667,1083.888,N,N,
108,390502,135591,1084.7277777777779,1084.728,N,N,
108,390845,135710,1085.6805555555557,1085.68,N,N,
108,391194,135831,1086.65,1086.648,N,N,
108,391554,135956,1087.65,1087.648,N,N,
108,391892,136074,1088.588888888889,1088.592,N,N,
108,392230,136191,1089.5277777777778,1089.528,N,N,
108,392555,136304,1090.4305555555557,1090.432,N,N,
108,392847,136405,1091.2416666666666,1091.24,F,F,
108,393056,136478,1091.8222222222223,1091.824,V,V,
108,393120,136500,1092.0,1092.0,x,OTHER,
108,393521,136639,1093.1138888888888,1093.112,N,N,
108,393850,136753,1094.0277777777778,1094.024,N,N,
108,394158,136860,1094.8833333333334,1094.88,N,N,
108,394440,136958,1095.6666666666667,1095.664,N,N,
108,394752,137067,1096.5333333333333,1096.536,N,N,
108,394948,137135,1097.0777777777778,1097.08,~,OTHER,
108,395065,137175,1097.4027777777778,1097.4,N,N,
108,395368,137281,1098.2444444444445,1098.248,N,N,
108,395687,137391,1099.1305555555555,1099.128,N,N,
108,396004,137501,1100.0111111111112,1100.008,N,N,
108,396313,137609,1100.8694444444445,1100.872,N,N,
108,396618,137715,1101.7166666666667,1101.72,N,N,
108,396918,137819,1102.55,1102.552,N,N,
108,397234,137928,1103.4277777777777,1103.424,N,N,
108,397559,138041,1104.3305555555555,1104.328,N,N,
108,397913,138164,1105.3138888888889,1105.312,N,N,
108,398258,138284,1106.2722222222221,1106.272,N,N,
108,398590,138399,1107.1944444444443,1107.192,N,N,
108,398917,138513,1108.1027777777779,1108.104,N,N,
108,399231,138622,1108.975,1108.976,N,N,
108,399581,138743,1109.9472222222223,1109.944,N,N,
108,399741,138799,1110.3916666666667,1110.392,|,OTHER,
108,399924,138862,1110.9,1110.896,N,N,
108,400246,138974,1111.7944444444445,1111.792,N,N,
108,400584,139092,1112.7333333333333,1112.736,N,N,
108,400933,139213,1113.7027777777778,1113.704,N,N,
108,401253,139324,1114.5916666666667,1114.592,N,N,
108,401605,139446,1115.5694444444443,1115.568,N,N,
108,401982,139577,1116.6166666666666,1116.616,N,N,
108,402349,139705,1117.6361111111112,1117.64,N,N,
108,402678,139819,1118.55,1118.552,N,N,
108,403021,139938,1119.5027777777777,1119.504,N,N,
108,403355,140054,1120.4305555555557,1120.432,N,N,
108,403700,140174,1121.388888888889,1121.392,N,N,
108,404062,140299,1122.3944444444444,1122.392,N,N,
108,404432,140428,1123.4222222222222,1123.424,N,N,
108,404796,140554,1124.4333333333334,1124.432,N,N,
108,405111,140664,1125.3083333333334,1125.312,N,N,
108,405436,140776,1126.2111111111112,1126.208,N,N,
108,405608,140836,1126.6888888888889,1126.688,|,OTHER,
108,405787,140898,1127.1861111111111,1127.184,N,N,
108,406105,141009,1128.0694444444443,1128.072,N,N,
108,406572,141171,1129.3666666666666,1129.368,N,N,
108,406941,141299,1130.3916666666667,1130.392,N,N,
108,407289,141420,1131.3583333333333,1131.36,N,N,
108,407629,141538,1132.3027777777777,1132.304,N,N,
108,408138,141715,1133.7166666666667,1133.72,N,N,
108,408548,141857,1134.8555555555556,1134.856,N,N,
108,408923,141987,1135.8972222222221,1135.896,N,N,
108,409297,142117,1136.9361111111111,1136.936,N,N,
108,409616,142228,1137.8222222222223,1137.824,N,N,
108,409942,142341,1138.7277777777779,1138.728,N,N,
108,410285,142460,1139.6805555555557,1139.68,N,N,
108,410690,142601,1140.8055555555557,1140.808,N,N,
108,411060,142729,1141.8333333333333,1141.832,N,N,
108,411504,142883,1143.0666666666666,1143.064,N,N,
108,411844,143001,1144.0111111111112,1144.008,N,N,
108,412190,143122,1144.9722222222222,1144.976,N,N,
108,412560,143250,1146.0,1146.0,N,N,
108,412957,143388,1147.1027777777779,1147.104,N,N,
108,413512,143581,1148.6444444444444,1148.648,N,N,
108,413957,143735,1149.8805555555555,1149.88,N,N,
108,414373,143880,1151.036111111111,1151.04,N,N,
108,414758,144013,1152.1055555555556,1152.104,N,N,
108,415150,144149,1153.1944444444443,1153.192,N,N,
108,415535,144283,1154.263888888889,1154.264,N,N,
108,415870,144399,1155.1944444444443,1155.192,N,N,
108,416228,144524,1156.1888888888889,1156.192,N,N,
108,416678,144680,1157.4388888888889,1157.44,N,N,
108,416802,144723,1157.7833333333333,1157.784,~,OTHER,
108,417024,144800,1158.4,1158.4,N,N,
108,417409,144934,1159.4694444444444,1159.472,N,N,
108,417846,145085,1160.6833333333334,1160.68,N,N,
108,418198,145208,1161.661111111111,1161.664,N,N,
108,418579,145340,1162.7194444444444,1162.72,N,N,
108,418964,145474,1163.7888888888888,1163.792,N,N,
108,419358,145610,1164.8833333333334,1164.88,N,N,
108,419761,145750,1166.0027777777777,1166.0,N,N,
108,420144,145883,1167.0666666666666,1167.064,N,N,
108,420515,146012,1168.0972222222222,1168.096,N,N,
108,420845,146127,1169.013888888889,1169.016,N,N,
108,421252,146268,1170.1444444444444,1170.144,N,N,
108,421669,146413,1171.3027777777777,1171.304,N,N,
108,421766,146447,1171.5722222222223,1171.576,~,OTHER,
108,422157,146582,1172.6583333333333,1172.656,N,N,
108,422524,146710,1173.6777777777777,1173.68,N,N,
108,422921,146848,1174.7805555555556,1174.784,N,N,
108,423315,146984,1175.875,1175.872,N,N,
108,423726,147127,1177.0166666666667,1177.016,N,N,
108,424115,147262,1178.0972222222222,1178.096,N,N,
108,424505,147398,1179.1805555555557,1179.184,N,N,
108,424861,147521,1180.1694444444445,1180.168,N,N,
108,425244,147654,1181.2333333333333,1181.232,N,N,
108,425627,147787,1182.2972222222222,1182.296,N,N,
108,426020,147924,1183.388888888889,1183.392,N,N,
108,426448,148072,1184.5777777777778,1184.576,N,N,
108,427064,148286,1186.2888888888888,1186.288,N,N,
108,427428,148412,1187.3,1187.296,N,N,
108,427840,148556,1188.4444444444443,1188.448,N,N,
108,428240,148694,1189.5555555555557,1189.552,N,N,
108,428661,148841,1190.725,1190.728,N,N,
108,429039,148972,1191.775,1191.776,N,N,
108,429133,149005,1192.036111111111,1192.04,~,OTHER,
108,429396,149096,1192.7666666666667,1192.768,N,N,
108,429720,149208,1193.6666666666667,1193.664,~,OTHER,
108,429767,149225,1193.7972222222222,1193.8,N,N,
108,430176,149367,1194.9333333333334,1194.936,N,N,
108,430563,149501,1196.0083333333334,1196.008,N,N,
108,430952,149636,1197.088888888889,1197.088,N,N,
108,431494,149824,1198.5944444444444,1198.592,N,N,
108,431978,149992,1199.9388888888889,1199.936,N,N,
108,432421,150146,1201.1694444444445,1201.168,N,N,
108,432815,150283,1202.263888888889,1202.264,N,N,
108,433193,150414,1203.3138888888889,1203.312,N,N,
108,433562,150542,1204.338888888889,1204.336,N,N,
108,433922,150667,1205.338888888889,1205.336,N,N,
108,434313,150803,1206.425,1206.424,N,N,
108,434700,150938,1207.5,1207.504,N,N,
108,435093,151074,1208.5916666666667,1208.592,N,N,
108,435657,151270,1210.1583333333333,1210.16,j,OTHER,
108,436069,151413,1211.3027777777777,1211.304,N,N,
108,436469,151552,1212.4138888888888,1212.416,N,N,
108,436887,151697,1213.575,1213.576,N,N,
108,437295,151839,1214.7083333333333,1214.712,N,N,
108,437548,151926,1215.411111111111,1215.408,~,OTHER,
108,437665,151967,1215.736111111111,1215.736,N,N,
108,438029,152093,1216.7472222222223,1216.744,N,N,
108,438399,152222,1217.775,1217.776,N,N,
108,438760,152347,1218.7777777777778,1218.776,N,N,
108,439133,152477,1219.8138888888889,1219.816,N,N,
108,439548,152621,1220.9666666666667,1220.968,N,N,
108,439987,152773,1222.1861111111111,1222.184,N,N,
108,440424,152925,1223.4,1223.4,N,N,
108,440857,153075,1224.6027777777779,1224.6,N,N,
108,441261,153216,1225.725,1225.728,N,N,
108,441645,153349,1226.7916666666667,1226.792,N,N,
108,442028,153482,1227.8555555555556,1227.856,N,N,
108,442396,153610,1228.8777777777777,1228.88,N,N,
108,442751,153733,1229.8638888888888,1229.864,N,N,
108,443135,153866,1230.9305555555557,1230.928,N,N,
108,443510,153997,1231.9722222222222,1231.976,N,N,
108,443873,154123,1232.9805555555556,1232.984,N,N,
108,444227,154245,1233.963888888889,1233.96,N,N,
108,444599,154375,1234.9972222222223,1235.0,N,N,
108,444956,154499,1235.9888888888888,1235.992,N,N,
108,445358,154638,1237.1055555555556,1237.104,N,N,
108,445747,154773,1238.1861111111111,1238.184,N,N,
108,446121,154903,1239.225,1239.224,N,N,
108,446477,155027,1240.213888888889,1240.216,N,N,
108,446837,155152,1241.213888888889,1241.216,N,N,
108,447193,155275,1242.2027777777778,1242.2,N,N,
108,447588,155412,1243.3,1243.296,N,N,
108,448058,155576,1244.6055555555556,1244.608,N,N,
108,448401,155695,1245.5583333333334,1245.56,N,N,
108,448753,155817,1246.536111111111,1246.536,N,N,
108,449123,155945,1247.5638888888889,1247.56,N,N,
108,449488,156072,1248.5777777777778,1248.576,N,N,
108,449861,156202,1249.6138888888888,1249.616,N,N,
108,450223,156327,1250.6194444444445,1250.616,N,N,
108,450567,156447,1251.575,1251.576,N,N,
108,450908,156565,1252.5222222222221,1252.52,N,N,
108,451250,156684,1253.4722222222222,1253.472,N,N,
108,451613,156810,1254.4805555555556,1254.48,N,N,
108,451970,156934,1255.4722222222222,1255.472,N,N,
108,452321,157056,1256.4472222222223,1256.448,N,N,
108,452444,157099,1256.7888888888888,1256.792,~,OTHER,
108,452648,157169,1257.3555555555556,1257.352,N,N,
108,452977,157284,1258.2694444444444,1258.272,N,N,
108,453327,157405,1259.2416666666666,1259.24,N,N,
108,453665,157523,1260.1805555555557,1260.184,N,N,
108,454026,157648,1261.1833333333334,1261.184,N,N,
108,454362,157765,1262.1166666666666,1262.12,N,N,
108,454712,157886,1263.088888888889,1263.088,N,N,
108,455049,158003,1264.025,1264.024,N,N,
108,455366,158113,1264.9055555555556,1264.904,N,N,
108,455716,158235,1265.8777777777777,1265.88,N,N,
108,456062,158355,1266.838888888889,1266.84,N,N,
108,456422,158480,1267.838888888889,1267.84,N,N,
108,456760,158597,1268.7777777777778,1268.776,N,N,
108,457078,158708,1269.661111111111,1269.664,N,N,
108,457258,158770,1270.161111111111,1270.16,V,V,
108,457752,158942,1271.5333333333333,1271.536,N,N,
108,458096,159061,1272.4888888888888,1272.488,N,N,
108,458454,159185,1273.4833333333333,1273.48,N,N,
108,458806,159308,1274.4611111111112,1274.464,N,N,
108,459137,159423,1275.3805555555555,1275.384,N,N,
108,459451,159532,1276.2527777777777,1276.256,N,N,
108,459785,159648,1277.1805555555557,1277.184,N,N,
108,460136,159769,1278.1555555555556,1278.152,N,N,
108,460497,159895,1279.1583333333333,1279.16,N,N,
108,460856,160019,1280.1555555555556,1280.152,N,N,
108,461216,160144,1281.1555555555556,1281.152,N,N,
108,461555,160262,1282.0972222222222,1282.096,N,N,
108,461899,160382,1283.0527777777777,1283.056,N,N,
108,462239,160500,1283.9972222222223,1284.0,N,N,
108,462602,160626,1285.0055555555555,1285.008,N,N,
108,462939,160743,1285.9416666666666,1285.944,N,N,
108,463287,160864,1286.9083333333333,1286.912,N,N,
108,463624,160981,1287.8444444444444,1287.848,N,N,
108,463931,161087,1288.6972222222223,1288.696,N,N,
108,464259,161201,1289.6083333333333,1289.608,N,N,
108,464607,161322,1290.575,1290.576,N,N,
108,464962,161445,1291.5611111111111,1291.56,N,N,
108,465310,161566,1292.5277777777778,1292.528,N,N,
108,465651,161684,1293.475,1293.472,N,N,
108,465994,161803,1294.4277777777777,1294.424,N,N,
108,466317,161916,1295.325,1295.328,N,N,
108,466653,162032,1296.2583333333334,1296.256,N,N,
108,467012,162157,1297.2555555555555,1297.256,N,N,
108,467346,162273,1298.1833333333334,1298.184,N,N,
108,467668,162385,1299.0777777777778,1299.08,N,N,
108,467985,162495,1299.9583333333333,1299.96,N,N,
108,468302,162605,1300.838888888889,1300.84,N,N,
108,468617,162714,1301.713888888889,1301.712,N,N,
108,468959,162833,1302.6638888888888,1302.664,N,N,
108,469316,162957,1303.6555555555556,1303.656,N,N,
108,469639,163069,1304.5527777777777,1304.552,N,N,
108,469978,163187,1305.4944444444445,1305.496,N,N,
108,470137,163242,1305.9361111111111,1305.936,~,OTHER,
108,470321,163306,1306.4472222222223,1306.448,N,N,
108,470643,163418,1307.3416666666667,1307.344,N,N,
108,470982,163535,1308.2833333333333,1308.28,N,N,
108,471316,163651,1309.2111111111112,1309.208,N,N,
108,471655,163769,1310.1527777777778,1310.152,N,N,
108,471985,163884,1311.0694444444443,1311.072,N,N,
108,472305,163995,1311.9583333333333,1311.96,N,N,
108,472602,164098,1312.7833333333333,1312.784,N,N,
108,472919,164208,1313.6638888888888,1313.664,N,N,
108,473247,164322,1314.575,1314.576,N,N,
108,473577,164436,1315.4916666666666,1315.488,N,N,
108,473890,164545,1316.361111111111,1316.36,N,N,
108,474218,164659,1317.2722222222221,1317.272,N,N,
108,474534,164769,1318.15,1318.152,N,N,
108,474844,164876,1319.0111111111112,1319.008,N,N,
108,475171,164990,1319.9194444444445,1319.92,N,N,
108,475510,165108,1320.861111111111,1320.864,N,N,
108,475848,165225,1321.8,1321.8,N,N,
108,476163,165334,1322.675,1322.672,N,N,
108,476494,165449,1323.5944444444444,1323.592,N,N,
108,476813,165560,1324.4805555555556,1324.48,N,N,
108,477112,165664,1325.3111111111111,1325.312,N,N,
108,477446,165780,1326.2388888888888,1326.24,N,N,
108,477790,165899,1327.1944444444443,1327.192,N,N,
108,478143,166022,1328.175,1328.176,N,N,
108,478464,166133,1329.0666666666666,1329.064,N,N,
108,478794,166248,1329.9833333333333,1329.984,N,N,
108,479123,166362,1330.8972222222221,1330.896,N,N,
108,479446,166474,1331.7944444444445,1331.792,N,N,
108,479794,166595,1332.7611111111112,1332.76,N,N,
108,480157,166721,1333.7694444444444,1333.768,N,N,
108,480504,166842,1334.7333333333333,1334.736,N,N,
108,480835,166957,1335.6527777777778,1335.656,N,N,
108,481163,167070,1336.5638888888889,1336.56,N,N,
108,481505,167189,1337.513888888889,1337.512,N,N,
108,481837,167305,1338.4361111111111,1338.44,N,N,
108,482191,167427,1339.4194444444445,1339.416,N,N,
108,482547,167551,1340.4083333333333,1340.408,N,N,
108,482885,167668,1341.3472222222222,1341.344,N,N,
108,483198,167777,1342.2166666666667,1342.216,N,N,
108,483523,167890,1343.1194444444445,1343.12,N,N,
108,483851,168004,1344.0305555555556,1344.032,N,N,
108,484196,168124,1344.9888888888888,1344.992,N,N,
108,484536,168242,1345.9333333333334,1345.936,N,N,
108,484857,168353,1346.825,1346.824,N,N,
108,485193,168470,1347.7583333333334,1347.76,N,N,
108,485517,168582,1348.6583333333333,1348.656,N,N,
108,485840,168694,1349.5555555555557,1349.552,N,N,
108,486183,168814,1350.5083333333334,1350.512,N,N,
108,486531,168934,1351.475,1351.472,N,N,
108,486869,169052,1352.4138888888888,1352.416,N,N,
108,487193,169164,1353.3138888888889,1353.312,N,N,
108,487526,169280,1354.2388888888888,1354.24,N,N,
108,487849,169392,1355.1361111111112,1355.136,N,N,
108,488180,169507,1356.0555555555557,1356.056,N,N,
108,488539,169632,1357.0527777777777,1357.056,N,N,
108,488880,169750,1358.0,1358.0,N,N,
108,489211,169865,1358.9194444444445,1358.92,N,N,
108,489576,169992,1359.9333333333334,1359.936,N,N,
108,489912,170108,1360.8666666666666,1360.864,N,N,
108,490263,170230,1361.8416666666667,1361.84,N,N,
108,490593,170345,1362.7583333333334,1362.76,N,N,
108,490797,170416,1363.325,1363.328,V,V,
108,490898,170451,1363.6055555555556,1363.608,x,OTHER,
108,491338,170603,1364.8277777777778,1364.824,N,N,
108,491647,170711,1365.6861111111111,1365.688,N,N,
108,491967,170822,1366.575,1366.576,N,N,
108,492302,170938,1367.5055555555555,1367.504,N,N,
108,492626,171051,1368.4055555555556,1368.408,N,N,
108,492946,171162,1369.2944444444445,1369.296,N,N,
108,493292,171282,1370.2555555555555,1370.256,N,N,
108,493611,171393,1371.1416666666667,1371.144,N,N,
108,493901,171493,1371.9472222222223,1371.944,N,N,
108,494200,171597,1372.7777777777778,1372.776,N,N,
108,494523,171709,1373.675,1373.672,N,N,
108,494853,171824,1374.5916666666667,1374.592,N,N,
108,495198,171944,1375.55,1375.552,N,N,
108,495532,172060,1376.4777777777779,1376.48,N,N,
108,495869,172177,1377.4138888888888,1377.416,N,N,
108,496171,172282,1378.2527777777777,1378.256,N,N,
108,496478,172388,1379.1055555555556,1379.104,N,N,
108,496797,172499,1379.9916666666666,1379.992,N,N,
108,497137,172617,1380.9361111111111,1380.936,N,N,
108,497479,172736,1381.8861111111112,1381.888,N,N,
108,497813,172852,1382.8138888888889,1382.816,N,N,
108,498150,172969,1383.75,1383.752,N,N,
108,498470,173080,1384.638888888889,1384.64,N,N,
108,498791,173191,1385.5305555555556,1385.528,N,N,
108,499119,173305,1386.4416666666666,1386.44,N,N,
108,499452,173421,1387.3666666666666,1387.368,N,N,
108,499785,173536,1388.2916666666667,1388.288,N,N,
108,500105,173648,1389.1805555555557,1389.184,N,N,
108,500414,173755,1390.0388888888888,1390.04,N,N,
108,500737,173867,1390.9361111111111,1390.936,N,N,
108,501064,173981,1391.8444444444444,1391.848,N,N,
108,501403,174098,1392.786111111111,1392.784,N,N,
108,501751,174219,1393.7527777777777,1393.752,N,N,
108,502080,174333,1394.6666666666667,1394.664,N,N,
108,502418,174451,1395.6055555555556,1395.608,N,N,
108,502727,174558,1396.463888888889,1396.464,N,N,
108,503077,174680,1397.4361111111111,1397.44,N,N,
108,503428,174801,1398.411111111111,1398.408,N,N,
108,503764,174918,1399.3444444444444,1399.344,N,N,
108,504126,175044,1400.35,1400.352,N,N,
108,504476,175165,1401.3222222222223,1401.32,N,N,
108,504812,175282,1402.2555555555555,1402.256,N,N,
108,505135,175394,1403.1527777777778,1403.152,N,N,
108,505491,175518,1404.1416666666667,1404.144,N,N,
108,505835,175637,1405.0972222222222,1405.096,N,N,
108,506185,175759,1406.0694444444443,1406.072,N,N,
108,506546,175884,1407.0722222222223,1407.072,N,N,
108,506863,175994,1407.9527777777778,1407.952,N,N,
108,507200,176111,1408.888888888889,1408.888,N,N,
108,507561,176236,1409.8916666666667,1409.888,N,N,
108,507933,176366,1410.925,1410.928,N,N,
108,508266,176481,1411.85,1411.848,N,N,
108,508626,176606,1412.85,1412.848,N,N,
108,508968,176725,1413.8,1413.8,N,N,
108,509292,176838,1414.7,1414.704,N,N,
108,509631,176955,1415.6416666666667,1415.64,N,N,
108,509803,177015,1416.1194444444445,1416.12,V,V,
108,510333,177199,1417.5916666666667,1417.592,N,N,
108,510679,177319,1418.5527777777777,1418.552,N,N,
108,510991,177427,1419.4194444444445,1419.416,N,N,
108,511324,177543,1420.3444444444444,1420.344,N,N,
108,511676,177665,1421.3222222222223,1421.32,N,N,
108,512001,177778,1422.225,1422.224,N,N,
108,512352,177900,1423.2,1423.2,N,N,
108,512727,178030,1424.2416666666666,1424.24,N,N,
108,513055,178144,1425.1527777777778,1425.152,N,N,
108,513396,178262,1426.1,1426.096,N,N,
108,513728,178378,1427.0222222222221,1427.024,N,N,
108,514108,178510,1428.0777777777778,1428.08,N,N,
108,514463,178633,1429.0638888888889,1429.064,N,N,
108,514835,178762,1430.0972222222222,1430.096,N,N,
108,515187,178884,1431.075,1431.072,N,N,
108,515523,179001,1432.0083333333334,1432.008,N,N,
108,515873,179123,1432.9805555555556,1432.984,N,N,
108,516218,179242,1433.9388888888889,1433.936,N,N,
108,516603,179376,1435.0083333333334,1435.008,N,N,
108,516974,179505,1436.0388888888888,1436.04,N,N,
108,517322,179626,1437.0055555555555,1437.008,N,N,
108,517664,179744,1437.9555555555555,1437.952,N,N,
108,518023,179869,1438.9527777777778,1438.952,N,N,
108,518366,179988,1439.9055555555556,1439.904,N,N,
108,518747,180120,1440.963888888889,1440.96,N,N,
108,519098,180242,1441.9388888888889,1441.936,N,N,
108,519439,180361,1442.8861111111112,1442.888,N,N,
108,519775,180477,1443.8194444444443,1443.816,N,N,
108,520138,180603,1444.8277777777778,1444.824,N,N,
108,520456,180714,1445.7111111111112,1445.712,N,N,
108,520800,180833,1446.6666666666667,1446.664,N,N,
108,521184,180967,1447.7333333333333,1447.736,N,N,
108,521516,181082,1448.6555555555556,1448.656,N,N,
108,521877,181207,1449.6583333333333,1449.656,N,N,
108,522231,181330,1450.6416666666667,1450.64,N,N,
108,522562,181445,1451.5611111111111,1451.56,N,N,
108,522979,181590,1452.7194444444444,1452.72,N,N,
108,523357,181721,1453.7694444444444,1453.768,N,N,
108,523728,181850,1454.8,1454.8,N,N,
108,524098,181978,1455.8277777777778,1455.824,N,N,
108,524460,182104,1456.8333333333333,1456.832,N,N,
108,524803,182223,1457.786111111111,1457.784,N,N,
108,525182,182355,1458.838888888889,1458.84,N,N,
108,525529,182475,1459.8027777777777,1459.8,N,N,
108,525899,182604,1460.8305555555555,1460.832,N,N,
108,526230,182719,1461.75,1461.752,N,N,
108,526417,182784,1462.2694444444444,1462.272,V,V,
108,526532,182824,1462.588888888889,1462.592,x,OTHER,
108,526953,182970,1463.7583333333334,1463.76,N,N,
108,527326,183099,1464.7944444444445,1464.792,N,N,
108,527651,183212,1465.6972222222223,1465.696,N,N,
108,528026,183342,1466.7388888888888,1466.736,N,N,
108,528246,183419,1467.35,1467.352,A,A,
108,528756,183596,1468.7666666666667,1468.768,N,N,
108,528960,183667,1469.3333333333333,1469.336,A,A,
108,529389,183816,1470.525,1470.528,N,N,
108,529762,183945,1471.5611111111111,1471.56,N,N,
108,530114,184067,1472.5388888888888,1472.536,N,N,
108,530468,184190,1473.5222222222221,1473.52,N,N,
108,530823,184314,1474.5083333333334,1474.512,N,N,
108,531143,184425,1475.3972222222221,1475.4,N,N,
108,531533,184560,1476.4805555555556,1476.48,N,N,
108,531896,184686,1477.4888888888888,1477.488,N,N,
108,532241,184806,1478.4472222222223,1478.448,N,N,
108,532611,184934,1479.475,1479.472,N,N,
108,532972,185060,1480.4777777777779,1480.48,N,N,
108,533340,185188,1481.5,1481.504,N,N,
108,533697,185311,1482.4916666666666,1482.488,N,N,
108,534071,185441,1483.5305555555556,1483.528,N,N,
108,534441,185570,1484.5583333333334,1484.56,N,N,
108,534807,185697,1485.575,1485.576,N,N,
108,535166,185822,1486.5722222222223,1486.576,N,N,
108,535512,185942,1487.5333333333333,1487.536,N,N,
108,535879,186069,1488.5527777777777,1488.552,N,N,
108,536232,186192,1489.5333333333333,1489.536,N,N,
108,536601,186320,1490.5583333333334,1490.56,N,N,
108,536964,186446,1491.5666666666666,1491.568,N,N,
108,537294,186560,1492.4833333333333,1492.48,N,N,
108,537648,186683,1493.4666666666667,1493.464,N,N,
108,538021,186813,1494.5027777777777,1494.504,N,N,
108,538380,186938,1495.5,1495.504,N,N,
108,538765,187071,1496.5694444444443,1496.568,N,N,
108,539114,187192,1497.5388888888888,1497.536,N,N,
108,539457,187311,1498.4916666666666,1498.488,N,N,
108,539790,187427,1499.4166666666667,1499.416,N,N,
108,540147,187551,1500.4083333333333,1500.408,N,N,
108,540510,187677,1501.4166666666667,1501.416,N,N,
108,540890,187809,1502.4722222222222,1502.472,N,N,
108,541222,187924,1503.3944444444444,1503.392,N,N,
108,541571,188045,1504.3638888888888,1504.36,N,N,
108,541916,188165,1505.3222222222223,1505.32,N,N,
108,542276,188290,1506.3222222222223,1506.32,N,N,
108,542626,188412,1507.2944444444445,1507.296,N,N,
108,543000,188542,1508.3333333333333,1508.336,N,N,
108,543367,188669,1509.3527777777779,1509.352,N,N,
108,543711,188789,1510.3083333333334,1510.312,N,N,
108,544088,188919,1511.3555555555556,1511.352,N,N,
108,544465,189050,1512.4027777777778,1512.4,N,N,
108,544832,189178,1513.4222222222222,1513.424,N,N,
108,545213,189310,1514.4805555555556,1514.48,N,N,
108,545549,189427,1515.4138888888888,1515.416,N,N,
108,545915,189554,1516.4305555555557,1516.432,N,N,
108,546280,189681,1517.4444444444443,1517.448,N,N,
108,546682,189820,1518.5611111111111,1518.56,N,N,
108,547029,189941,1519.525,1519.528,N,N,
108,547409,190073,1520.5805555555555,1520.584,N,N,
108,547749,190191,1521.525,1521.528,N,N,
108,548115,190318,1522.5416666666667,1522.544,N,N,
108,548462,190438,1523.5055555555555,1523.504,N,N,
108,548885,190585,1524.6805555555557,1524.68,N,N,
108,549273,190720,1525.7583333333334,1525.76,N,N,
108,549655,190852,1526.8194444444443,1526.816,N,N,
108,550042,190987,1527.8944444444444,1527.896,N,N,
108,550402,191112,1528.8944444444444,1528.896,N,N,
108,550751,191233,1529.8638888888888,1529.864,N,N,
108,551170,191378,1531.0277777777778,1531.024,N,N,
108,551539,191507,1532.0527777777777,1532.056,N,N,
108,551902,191633,1533.0611111111111,1533.064,N,N,
108,552291,191768,1534.1416666666667,1534.144,N,N,
108,552634,191887,1535.0944444444444,1535.096,N,N,
108,553104,192050,1536.4,1536.4,N,N,
108,553575,192214,1537.7083333333333,1537.712,N,N,
108,553977,192353,1538.825,1538.824,N,N,
108,554330,192476,1539.8055555555557,1539.808,N,N,
108,554714,192609,1540.8722222222223,1540.872,N,N,
108,555088,192739,1541.911111111111,1541.912,N,N,
108,555466,192870,1542.9611111111112,1542.96,N,N,
108,555864,193008,1544.0666666666666,1544.064,N,N,
108,556210,193128,1545.0277777777778,1545.024,N,N,
108,556575,193255,1546.0416666666667,1546.04,N,N,
108,557011,193407,1547.2527777777777,1547.256,N,N,
108,557470,193566,1548.5277777777778,1548.528,N,N,
108,557884,193710,1549.6777777777777,1549.68,N,N,
108,558302,193855,1550.838888888889,1550.84,N,N,
108,558669,193982,1551.8583333333333,1551.856,N,N,
108,559052,194115,1552.9222222222222,1552.92,N,N,
108,559414,194241,1553.9277777777777,1553.928,N,N,
108,559847,194391,1555.1305555555555,1555.128,N,N,
108,560237,194527,1556.213888888889,1556.216,N,N,
108,560625,194661,1557.2916666666667,1557.288,N,N,
108,560993,194789,1558.3138888888889,1558.312,N,N,
108,561362,194917,1559.338888888889,1559.336,N,N,
108,561739,195048,1560.3861111111112,1560.384,N,N,
108,562157,195193,1561.5472222222222,1561.544,N,N,
108,562558,195333,1562.661111111111,1562.664,N,N,
108,562950,195469,1563.75,1563.752,N,N,
108,563317,195596,1564.7694444444444,1564.768,N,N,
108,563706,195731,1565.85,1565.848,N,N,
108,564086,195863,1566.9055555555556,1566.904,N,N,
108,564468,195996,1567.9666666666667,1567.968,N,N,
108,564846,196127,1569.0166666666667,1569.016,N,N,
108,565212,196254,1570.0333333333333,1570.032,N,N,
108,565572,196379,1571.0333333333333,1571.032,N,N,
108,565952,196511,1572.088888888889,1572.088,N,N,
108,566307,196634,1573.075,1573.072,N,N,
108,566674,196762,1574.0944444444444,1574.096,N,N,
108,567036,196888,1575.1,1575.104,N,N,
108,567385,197009,1576.0694444444443,1576.072,N,N,
108,567752,197136,1577.088888888889,1577.088,N,N,
108,568109,197260,1578.0805555555555,1578.08,N,N,
108,568546,197412,1579.2944444444445,1579.296,N,N,
108,568978,197562,1580.4944444444445,1580.496,N,N,
108,569337,197686,1581.4916666666666,1581.488,N,N,
108,569722,197820,1582.5611111111111,1582.56,N,N,
108,570095,197950,1583.5972222222222,1583.6,N,N,
108,570447,198072,1584.575,1584.576,N,N,
108,570835,198207,1585.6527777777778,1585.656,N,N,
108,571175,198325,1586.5972222222222,1586.6,N,N,
108,571508,198440,1587.5222222222221,1587.52,N,N,
108,571906,198578,1588.6277777777777,1588.624,N,N,
108,572235,198693,1589.5416666666667,1589.544,N,N,
108,572662,198841,1590.7277777777779,1590.728,N,N,
108,573037,198971,1591.7694444444444,1591.768,N,N,
108,573369,199086,1592.6916666666666,1592.688,N,N,
108,573730,199212,1593.6944444444443,1593.696,N,N,
108,574067,199329,1594.6305555555555,1594.632,N,N,
108,574405,199446,1595.5694444444443,1595.568,N,N,
108,574779,199576,1596.6083333333333,1596.608,N,N,
108,575185,199717,1597.736111111111,1597.736,N,N,
108,575525,199835,1598.6805555555557,1598.68,N,N,
108,575908,199968,1599.7444444444445,1599.744,N,N,
108,576278,200097,1600.7722222222221,1600.776,N,N,
108,576620,200215,1601.7222222222222,1601.72,N,N,
108,577020,200354,1602.8333333333333,1602.832,N,N,
108,577394,200484,1603.8722222222223,1603.872,N,N,
108,577783,200619,1604.9527777777778,1604.952,N,N,
108,578104,200731,1605.8444444444444,1605.848,N,N,
108,578473,200859,1606.8694444444445,1606.872,N,N,
108,578850,200990,1607.9166666666667,1607.92,N,N,
108,579194,201109,1608.8722222222223,1608.872,N,N,
108,579592,201247,1609.9777777777779,1609.976,N,N,
108,579935,201366,1610.9305555555557,1610.928,N,N,
108,580289,201489,1611.9138888888888,1611.912,N,N,
108,580619,201604,1612.8305555555555,1612.832,N,N,
108,580794,201665,1613.3166666666666,1613.32,V,V,
108,580872,201692,1613.5333333333333,1613.536,x,OTHER,
108,581312,201844,1614.7555555555555,1614.752,N,N,
108,581645,201960,1615.6805555555557,1615.68,N,N,
108,581964,202071,1616.5666666666666,1616.568,N,N,
108,582337,202200,1617.6027777777779,1617.6,N,N,
108,582659,202312,1618.4972222222223,1618.496,N,N,
108,582995,202429,1619.4305555555557,1619.432,N,N,
108,583336,202547,1620.3777777777777,1620.376,N,N,
108,583741,202688,1621.5027777777777,1621.504,N,N,
108,584064,202800,1622.4,1622.4,N,N,
108,584408,202919,1623.3555555555556,1623.352,N,N,
108,584785,203050,1624.4027777777778,1624.4,N,N,
108,585105,203161,1625.2916666666667,1625.288,N,N,
108,585447,203280,1626.2416666666666,1626.24,N,N,
108,585838,203416,1627.3277777777778,1627.328,N,N,
108,586214,203547,1628.3722222222223,1628.376,N,N,
108,586538,203659,1629.2722222222221,1629.272,N,N,
108,586937,203798,1630.3805555555555,1630.384,N,N,
108,587285,203918,1631.3472222222222,1631.344,N,N,
108,587629,204038,1632.3027777777777,1632.304,N,N,
108,588029,204177,1633.4138888888888,1633.416,N,N,
108,588384,204300,1634.4,1634.4,N,N,
108,588750,204427,1635.4166666666667,1635.416,N,N,
108,589061,204535,1636.2805555555556,1636.28,N,N,
108,589419,204659,1637.275,1637.272,N,N,
108,589759,204777,1638.2194444444444,1638.216,N,N,
108,590143,204911,1639.286111111111,1639.288,N,N,
108,590491,205032,1640.2527777777777,1640.256,N,N,
108,590834,205151,1641.2055555555555,1641.208,N,N,
108,591185,205273,1642.1805555555557,1642.184,N,N,
108,591506,205384,1643.0722222222223,1643.072,N,N,
108,591847,205502,1644.0194444444444,1644.016,N,N,
108,592235,205637,1645.0972222222222,1645.096,N,N,
108,592575,205755,1646.0416666666667,1646.04,N,N,
108,592937,205881,1647.0472222222222,1647.048,N,N,
108,593280,206000,1648.0,1648.0,N,N,
108,593635,206123,1648.986111111111,1648.984,N,N,
108,593996,206249,1649.9888888888888,1649.992,N,N,
108,594339,206368,1650.9416666666666,1650.944,N,N,
108,594463,206411,1651.286111111111,1651.288,~,OTHER,
108,594727,206502,1652.0194444444444,1652.016,N,N,
108,595069,206621,1652.9694444444444,1652.968,N,N,
108,595416,206742,1653.9333333333334,1653.936,N,N,
108,595738,206853,1654.8277777777778,1654.824,N,N,
108,596080,206972,1655.7777777777778,1655.776,N,N,
108,596451,207101,1656.8083333333334,1656.808,N,N,
108,596808,207225,1657.8,1657.8,N,N,
108,597158,207347,1658.7722222222221,1658.776,N,N,
108,597492,207462,1659.7,1659.696,N,N,
108,597824,207578,1660.6222222222223,1660.624,N,N,
108,598188,207704,1661.6333333333334,1661.632,N,N,
108,598546,207828,1662.6277777777777,1662.624,N,N,
108,598898,207951,1663.6055555555556,1663.608,N,N,
108,599094,208019,1664.15,1664.152,|,OTHER,
108,599288,208086,1664.6888888888889,1664.688,N,N,
108,599637,208207,1665.6583333333333,1665.656,N,N,
108,599997,208332,1666.6583333333333,1666.656,N,N,
108,600358,208458,1667.661111111111,1667.664,N,N,
108,600745,208592,1668.736111111111,1668.736,N,N,
108,601109,208718,1669.7472222222223,1669.744,N,N,
108,601485,208849,1670.7916666666667,1670.792,N,N,
108,601827,208968,1671.7416666666666,1671.744,N,N,
108,602172,209088,1672.7,1672.704,N,N,
108,602530,209212,1673.6944444444443,1673.696,N,N,
108,602910,209344,1674.75,1674.752,N,N,
108,603275,209470,1675.763888888889,1675.76,N,N,
108,603629,209593,1676.7472222222223,1676.744,N,N,
108,603976,209714,1677.7111111111112,1677.712,N,N,
108,604307,209829,1678.6305555555555,1678.632,N,N,
108,604655,209950,1679.5972222222222,1679.6,N,N,
108,605019,210076,1680.6083333333333,1680.608,N,N,
108,605387,210204,1681.6305555555555,1681.632,N,N,
108,605745,210328,1682.625,1682.624,N,N,
108,606080,210444,1683.5555555555557,1683.552,N,N,
108,606422,210563,1684.5055555555555,1684.504,N,N,
108,606753,210678,1685.425,1685.424,N,N,
108,607101,210799,1686.3916666666667,1686.392,N,N,
108,607453,210921,1687.3694444444445,1687.368,N,N,
108,607799,211041,1688.3305555555555,1688.328,N,N,
108,608121,211153,1689.225,1689.224,N,N,
108,608439,211264,1690.1083333333333,1690.112,N,N,
108,608757,211374,1690.9916666666666,1690.992,N,N,
108,609074,211484,1691.8722222222223,1691.872,N,N,
108,609401,211598,1692.7805555555556,1692.784,N,N,
108,609738,211715,1693.7166666666667,1693.72,N,N,
108,610069,211830,1694.6361111111112,1694.64,N,N,
108,610380,211938,1695.5,1695.504,N,N,
108,610683,212043,1696.3416666666667,1696.344,N,N,
108,611005,212155,1697.236111111111,1697.24,N,N,
108,611323,212265,1698.1194444444445,1698.12,N,N,
108,611647,212377,1699.0194444444444,1699.016,N,N,
108,611968,212489,1699.911111111111,1699.912,N,N,
108,612283,212598,1700.786111111111,1700.784,N,N,
108,612590,212705,1701.638888888889,1701.64,N,N,
108,612888,212808,1702.4666666666667,1702.464,N,N,
108,613186,212912,1703.2944444444445,1703.296,N,N,
108,613500,213021,1704.1666666666667,1704.168,N,N,
108,613811,213129,1705.0305555555556,1705.032,N,N,
108,614116,213235,1705.8777777777777,1705.88,N,N,
108,614419,213340,1706.7194444444444,1706.72,N,N,
108,614720,213444,1707.5555555555557,1707.552,N,N,
108,615018,213548,1708.3833333333334,1708.384,N,N,
108,615317,213652,1709.213888888889,1709.216,N,N,
108,615630,213760,1710.0833333333333,1710.08,N,N,
108,615960,213875,1711.0,1711.0,N,N,
108,616278,213985,1711.8833333333334,1711.88,N,N,
108,616601,214098,1712.7805555555556,1712.784,N,N,
108,616909,214205,1713.6361111111112,1713.64,N,N,
108,617224,214314,1714.5111111111112,1714.512,N,N,
108,617531,214420,1715.3638888888888,1715.36,N,N,
108,617841,214528,1716.225,1716.224,N,N,
108,618169,214642,1717.1361111111112,1717.136,N,N,
108,618482,214751,1718.0055555555555,1718.008,N,N,
108,618779,214854,1718.8305555555555,1718.832,N,N,
108,619062,214952,1719.6166666666666,1719.616,N,N,
108,619235,215012,1720.0972222222222,1720.096,V,V,
108,619299,215034,1720.275,1720.272,x,OTHER,
108,619643,215154,1721.2305555555556,1721.232,N,N,
108,619930,215253,1722.0277777777778,1722.024,N,N,
108,620228,215357,1722.8555555555556,1722.856,N,N,
108,620536,215464,1723.7111111111112,1723.712,N,N,
108,620829,215566,1724.525,1724.528,N,N,
108,621112,215664,1725.3111111111111,1725.312,N,N,
108,621389,215760,1726.0805555555555,1726.08,N,N,
108,621668,215857,1726.8555555555556,1726.856,N,N,
108,621962,215959,1727.6722222222222,1727.672,N,N,
108,622255,216061,1728.486111111111,1728.488,N,N,
108,622550,216163,1729.3055555555557,1729.304,N,N,
108,622863,216272,1730.175,1730.176,N,N,
108,623156,216374,1730.9888888888888,1730.992,N,N,
108,623439,216472,1731.775,1731.776,N,N,
108,623726,216572,1732.5722222222223,1732.576,N,N,
108,624015,216672,1733.375,1733.376,N,N,
108,624322,216778,1734.2277777777779,1734.224,N,N,
108,624633,216886,1735.0916666666667,1735.088,N,N,
108,624933,216991,1735.925,1735.928,N,N,
108,625241,217098,1736.7805555555556,1736.784,N,N,
108,625534,217199,1737.5944444444444,1737.592,N,N,
108,625814,217297,1738.3722222222223,1738.376,N,N,
108,626105,217398,1739.1805555555557,1739.184,N,N,
108,626397,217499,1739.9916666666666,1739.992,N,N,
108,626715,217609,1740.875,1740.872,N,N,
108,627019,217715,1741.7194444444444,1741.72,N,N,
108,627320,217819,1742.5555555555557,1742.552,N,N,
108,627624,217925,1743.4,1743.4,N,N,
108,627914,218026,1744.2055555555555,1744.208,N,N,
108,628196,218124,1744.9888888888888,1744.992,N,N,
108,628492,218226,1745.8111111111111,1745.808,N,N,
108,628795,218332,1746.6527777777778,1746.656,N,N,
108,629108,218440,1747.5222222222221,1747.52,N,N,
108,629414,218547,1748.3722222222223,1748.376,N,N,
108,629711,218650,1749.1972222222223,1749.2,N,N,
108,630011,218754,1750.0305555555556,1750.032,N,N,
108,630306,218856,1750.85,1750.848,N,N,
108,630605,218960,1751.6805555555557,1751.68,N,N,
108,630910,219066,1752.5277777777778,1752.528,N,N,
108,631218,219173,1753.3833333333334,1753.384,N,N,
108,631433,219248,1753.9805555555556,1753.984,A,A,
108,631840,219389,1755.111111111111,1755.112,N,N,
108,632124,219488,1755.9,1755.904,N,N,
108,632428,219593,1756.7444444444445,1756.744,N,N,
108,632729,219698,1757.5805555555555,1757.584,N,N,
108,632876,219749,1757.9888888888888,1757.992,~,OTHER,
108,633033,219803,1758.425,1758.424,N,N,
108,633343,219911,1759.286111111111,1759.288,N,N,
108,633654,220019,1760.15,1760.152,N,N,
108,633966,220127,1761.0166666666667,1761.016,N,N,
108,634259,220229,1761.8305555555555,1761.832,N,N,
108,634546,220328,1762.6277777777777,1762.624,N,N,
108,634851,220434,1763.475,1763.472,N,N,
108,635157,220541,1764.325,1764.328,N,N,
108,635470,220649,1765.1944444444443,1765.192,N,N,
108,635783,220758,1766.0638888888889,1766.064,N,N,
108,636091,220865,1766.9194444444445,1766.92,N,N,
108,636397,220971,1767.7694444444444,1767.768,N,N,
108,636694,221074,1768.5944444444444,1768.592,N,N,
108,636996,221179,1769.4333333333334,1769.432,N,N,
108,637317,221291,1770.325,1770.328,N,N,
108,637637,221402,1771.213888888889,1771.216,N,N,
108,637953,221511,1772.0916666666667,1772.088,N,N,
108,638272,221622,1772.9777777777779,1772.976,N,N,
108,638573,221727,1773.8138888888889,1773.816,N,N,
108,638884,221835,1774.6777777777777,1774.68,N,N,
108,639185,221939,1775.513888888889,1775.512,N,N,
108,639501,222049,1776.3916666666667,1776.392,N,N,
108,639836,222165,1777.3222222222223,1777.32,N,N,
108,640165,222280,1778.236111111111,1778.24,N,N,
108,640467,222384,1779.075,1779.072,N,N,
108,640770,222490,1779.9166666666667,1779.92,N,N,
108,641080,222597,1780.7777777777778,1780.776,N,N,
108,641406,222710,1781.6833333333334,1781.68,N,N,
108,641487,222739,1781.9083333333333,1781.912,~,OTHER,
108,641744,222828,1782.6222222222223,1782.624,N,N,
108,642096,222950,1783.6,1783.6,N,N,
108,642449,223073,1784.5805555555555,1784.584,N,N,
108,642770,223184,1785.4722222222222,1785.472,N,N,
108,643089,223295,1786.3583333333333,1786.36,N,N,
108,643416,223408,1787.2666666666667,1787.264,N,N,
108,643743,223522,1788.175,1788.176,N,N,
108,644072,223636,1789.088888888889,1789.088,N,N,
108,644411,223754,1790.0305555555556,1790.032,N,N,
108,644733,223866,1790.925,1790.928,N,N,
108,645034,223970,1791.7611111111112,1791.76,N,N,
108,645328,224072,1792.5777777777778,1792.576,N,N,
108,645618,224173,1793.3833333333334,1793.384,N,N,
108,645952,224289,1794.3111111111111,1794.312,N,N,
108,646271,224400,1795.1972222222223,1795.2,N,N,
108,646463,224466,1795.7305555555556,1795.728,~,OTHER,
108,646593,224511,1796.0916666666667,1796.088,N,N,
108,646924,224626,1797.0111111111112,1797.008,N,N,
108,647241,224736,1797.8916666666667,1797.888,N,N,
108,647549,224843,1798.7472222222223,1798.744,N,N,
108,647864,224953,1799.6222222222223,1799.624,N,N,
108,648199,225069,1800.5527777777777,1800.552,N,N,
108,648531,225184,1801.475,1801.472,N,N,
108,648853,225296,1802.3694444444445,1802.368,N,N,
108,649170,225406,1803.25,1803.248,N,N,
108,649471,225511,1804.0861111111112,1804.088,N,N,
108,649769,225614,1804.9138888888888,1804.912,N,N,
